string,html,head,script,link,meta,title,style,body,div,img,span,a,i,s,ul,li,p,number_of_tags,table,tbody,tr,td,form,input,strong,wb_div,main,h1,section,footer,br,h2,hr
0,0,0,0,0,0,0,0,0,0,0,0,0,0,0,0,0,0,0,0,0,0,0,0,0,0,0,0,0,0,0,0,0,0
154,1,1,9,5,7,1,2,1,21,1,10,26,5,5,1,23,1,274,0,0,0,0,0,0,0,0,0,0,0,0,0,0,0
154,1,1,9,5,7,1,2,1,21,1,10,26,5,5,1,23,1,274,0,0,0,0,0,0,0,0,0,0,0,0,0,0,0
154,1,1,9,5,7,1,2,1,21,1,10,26,5,5,1,23,1,274,0,0,0,0,0,0,0,0,0,0,0,0,0,0,0
154,1,1,9,5,7,1,2,1,21,1,10,26,5,5,1,23,1,274,0,0,0,0,0,0,0,0,0,0,0,0,0,0,0
154,1,1,9,5,7,1,2,1,21,1,10,26,5,5,1,23,1,274,0,0,0,0,0,0,0,0,0,0,0,0,0,0,0
154,1,1,9,5,7,1,2,1,21,1,10,26,5,5,1,23,1,274,0,0,0,0,0,0,0,0,0,0,0,0,0,0,0
154,1,1,9,5,7,1,2,1,21,1,10,26,5,5,1,23,1,274,0,0,0,0,0,0,0,0,0,0,0,0,0,0,0
154,1,1,9,5,7,1,2,1,21,1,10,26,5,5,1,23,1,274,0,0,0,0,0,0,0,0,0,0,0,0,0,0,0
154,1,1,9,5,7,1,2,1,21,1,10,26,5,5,1,23,1,274,0,0,0,0,0,0,0,0,0,0,0,0,0,0,0
235,1,1,9,5,7,1,3,1,25,7,11,33,5,5,1,23,1,409,3,3,6,16,1,4,1,0,0,0,0,0,0,0,0
154,1,1,9,5,7,1,2,1,21,1,10,26,5,5,1,23,1,274,0,0,0,0,0,0,0,0,0,0,0,0,0,0,0
154,1,1,9,5,7,1,2,1,21,1,10,26,5,5,1,23,1,274,0,0,0,0,0,0,0,0,0,0,0,0,0,0,0
154,1,1,9,5,7,1,2,1,21,1,10,26,5,5,1,23,1,274,0,0,0,0,0,0,0,0,0,0,0,0,0,0,0
154,1,1,9,5,7,1,2,1,21,1,10,26,5,5,1,23,1,274,0,0,0,0,0,0,0,0,0,0,0,0,0,0,0
154,1,1,9,5,7,1,2,1,21,1,10,26,5,5,1,23,1,274,0,0,0,0,0,0,0,0,0,0,0,0,0,0,0
154,1,1,9,5,7,1,2,1,21,1,10,26,5,5,1,23,1,274,0,0,0,0,0,0,0,0,0,0,0,0,0,0,0
154,1,1,9,5,7,1,2,1,21,1,10,26,5,5,1,23,1,274,0,0,0,0,0,0,0,0,0,0,0,0,0,0,0
154,1,1,9,5,7,1,2,1,21,1,10,26,5,5,1,23,1,274,0,0,0,0,0,0,0,0,0,0,0,0,0,0,0
154,1,1,9,5,7,1,2,1,21,1,10,26,5,5,1,23,1,274,0,0,0,0,0,0,0,0,0,0,0,0,0,0,0
154,1,1,9,5,7,1,2,1,21,1,10,26,5,5,1,23,1,274,0,0,0,0,0,0,0,0,0,0,0,0,0,0,0
154,1,1,9,5,7,1,2,1,21,1,10,26,5,5,1,23,1,274,0,0,0,0,0,0,0,0,0,0,0,0,0,0,0
154,1,1,9,5,7,1,2,1,21,1,10,26,5,5,1,23,1,274,0,0,0,0,0,0,0,0,0,0,0,0,0,0,0
154,1,1,9,5,7,1,2,1,21,1,10,26,5,5,1,23,1,274,0,0,0,0,0,0,0,0,0,0,0,0,0,0,0
154,1,1,9,5,7,1,2,1,21,1,10,26,5,5,1,23,1,274,0,0,0,0,0,0,0,0,0,0,0,0,0,0,0
154,1,1,9,5,7,1,2,1,21,1,10,26,5,5,1,23,1,274,0,0,0,0,0,0,0,0,0,0,0,0,0,0,0
154,1,1,9,5,7,1,2,1,21,1,10,26,5,5,1,23,1,274,0,0,0,0,0,0,0,0,0,0,0,0,0,0,0
154,1,1,9,5,7,1,2,1,21,1,10,26,5,5,1,23,1,274,0,0,0,0,0,0,0,0,0,0,0,0,0,0,0
154,1,1,9,5,7,1,2,1,21,1,10,26,5,5,1,23,1,274,0,0,0,0,0,0,0,0,0,0,0,0,0,0,0
154,1,1,9,5,7,1,2,1,21,1,10,26,5,5,1,23,1,274,0,0,0,0,0,0,0,0,0,0,0,0,0,0,0
154,1,1,9,5,7,1,2,1,21,1,10,26,5,5,1,23,1,274,0,0,0,0,0,0,0,0,0,0,0,0,0,0,0
154,1,1,9,5,7,1,2,1,21,1,10,26,5,5,1,23,1,274,0,0,0,0,0,0,0,0,0,0,0,0,0,0,0
154,1,1,9,5,7,1,2,1,21,1,10,26,5,5,1,23,1,274,0,0,0,0,0,0,0,0,0,0,0,0,0,0,0
154,1,1,9,5,7,1,2,1,21,1,10,26,5,5,1,23,1,274,0,0,0,0,0,0,0,0,0,0,0,0,0,0,0
154,1,1,9,5,7,1,2,1,21,1,10,26,5,5,1,23,1,274,0,0,0,0,0,0,0,0,0,0,0,0,0,0,0
154,1,1,9,5,7,1,2,1,21,1,10,26,5,5,1,23,1,274,0,0,0,0,0,0,0,0,0,0,0,0,0,0,0
154,1,1,9,5,7,1,2,1,21,1,10,26,5,5,1,23,1,274,0,0,0,0,0,0,0,0,0,0,0,0,0,0,0
154,1,1,9,5,7,1,2,1,21,1,10,26,5,5,1,23,1,274,0,0,0,0,0,0,0,0,0,0,0,0,0,0,0
154,1,1,9,5,7,1,2,1,21,1,10,26,5,5,1,23,1,274,0,0,0,0,0,0,0,0,0,0,0,0,0,0,0
154,1,1,9,5,7,1,2,1,21,1,10,26,5,5,1,23,1,274,0,0,0,0,0,0,0,0,0,0,0,0,0,0,0
154,1,1,9,5,7,1,2,1,21,1,10,26,5,5,1,23,1,274,0,0,0,0,0,0,0,0,0,0,0,0,0,0,0
154,1,1,9,5,7,1,2,1,21,1,10,26,5,5,1,23,1,274,0,0,0,0,0,0,0,0,0,0,0,0,0,0,0
154,1,1,9,5,7,1,2,1,21,1,10,26,5,5,1,23,1,274,0,0,0,0,0,0,0,0,0,0,0,0,0,0,0
154,1,1,9,5,7,1,2,1,21,1,10,26,5,5,1,23,1,274,0,0,0,0,0,0,0,0,0,0,0,0,0,0,0
154,1,1,9,5,7,1,2,1,21,1,10,26,5,5,1,23,1,274,0,0,0,0,0,0,0,0,0,0,0,0,0,0,0
154,1,1,9,5,7,1,2,1,21,1,10,26,5,5,1,23,1,274,0,0,0,0,0,0,0,0,0,0,0,0,0,0,0
154,1,1,9,5,7,1,2,1,21,1,10,26,5,5,1,23,1,274,0,0,0,0,0,0,0,0,0,0,0,0,0,0,0
154,1,1,9,5,7,1,2,1,21,1,10,26,5,5,1,23,1,274,0,0,0,0,0,0,0,0,0,0,0,0,0,0,0
154,1,1,9,5,7,1,2,1,21,1,10,26,5,5,1,23,1,274,0,0,0,0,0,0,0,0,0,0,0,0,0,0,0
154,1,1,9,5,7,1,2,1,21,1,10,26,5,5,1,23,1,274,0,0,0,0,0,0,0,0,0,0,0,0,0,0,0
154,1,1,9,5,7,1,2,1,21,1,10,26,5,5,1,23,1,274,0,0,0,0,0,0,0,0,0,0,0,0,0,0,0
154,1,1,9,5,7,1,2,1,21,1,10,26,5,5,1,23,1,274,0,0,0,0,0,0,0,0,0,0,0,0,0,0,0
154,1,1,9,5,7,1,2,1,21,1,10,26,5,5,1,23,1,274,0,0,0,0,0,0,0,0,0,0,0,0,0,0,0
154,1,1,9,5,7,1,2,1,21,1,10,26,5,5,1,23,1,274,0,0,0,0,0,0,0,0,0,0,0,0,0,0,0
154,1,1,9,5,7,1,2,1,21,1,10,26,5,5,1,23,1,274,0,0,0,0,0,0,0,0,0,0,0,0,0,0,0
154,1,1,9,5,7,1,2,1,21,1,10,26,5,5,1,23,1,274,0,0,0,0,0,0,0,0,0,0,0,0,0,0,0
154,1,1,9,5,7,1,2,1,21,1,10,26,5,5,1,23,1,274,0,0,0,0,0,0,0,0,0,0,0,0,0,0,0
154,1,1,9,5,7,1,2,1,21,1,10,26,5,5,1,23,1,274,0,0,0,0,0,0,0,0,0,0,0,0,0,0,0
154,1,1,9,5,7,1,2,1,21,1,10,26,5,5,1,23,1,274,0,0,0,0,0,0,0,0,0,0,0,0,0,0,0
154,1,1,9,5,7,1,2,1,21,1,10,26,5,5,1,23,1,274,0,0,0,0,0,0,0,0,0,0,0,0,0,0,0
154,1,1,9,5,7,1,2,1,21,1,10,26,5,5,1,23,1,274,0,0,0,0,0,0,0,0,0,0,0,0,0,0,0
154,1,1,9,5,7,1,2,1,21,1,10,26,5,5,1,23,1,274,0,0,0,0,0,0,0,0,0,0,0,0,0,0,0
154,1,1,9,5,7,1,2,1,21,1,10,26,5,5,1,23,1,274,0,0,0,0,0,0,0,0,0,0,0,0,0,0,0
154,1,1,9,5,7,1,2,1,21,1,10,26,5,5,1,23,1,274,0,0,0,0,0,0,0,0,0,0,0,0,0,0,0
154,1,1,9,5,7,1,2,1,21,1,10,26,5,5,1,23,1,274,0,0,0,0,0,0,0,0,0,0,0,0,0,0,0
154,1,1,9,5,7,1,2,1,21,1,10,26,5,5,1,23,1,274,0,0,0,0,0,0,0,0,0,0,0,0,0,0,0
154,1,1,9,5,7,1,2,1,21,1,10,26,5,5,1,23,1,274,0,0,0,0,0,0,0,0,0,0,0,0,0,0,0
154,1,1,9,5,7,1,2,1,21,1,10,26,5,5,1,23,1,274,0,0,0,0,0,0,0,0,0,0,0,0,0,0,0
154,1,1,9,5,7,1,2,1,21,1,10,26,5,5,1,23,1,274,0,0,0,0,0,0,0,0,0,0,0,0,0,0,0
154,1,1,9,5,7,1,2,1,21,1,10,26,5,5,1,23,1,274,0,0,0,0,0,0,0,0,0,0,0,0,0,0,0
154,1,1,9,5,7,1,2,1,21,1,10,26,5,5,1,23,1,274,0,0,0,0,0,0,0,0,0,0,0,0,0,0,0
154,1,1,9,5,7,1,2,1,21,1,10,26,5,5,1,23,1,274,0,0,0,0,0,0,0,0,0,0,0,0,0,0,0
154,1,1,9,5,7,1,2,1,21,1,10,26,5,5,1,23,1,274,0,0,0,0,0,0,0,0,0,0,0,0,0,0,0
154,1,1,9,5,7,1,2,1,21,1,10,26,5,5,1,23,1,274,0,0,0,0,0,0,0,0,0,0,0,0,0,0,0
154,1,1,9,5,7,1,2,1,21,1,10,26,5,5,1,23,1,274,0,0,0,0,0,0,0,0,0,0,0,0,0,0,0
154,1,1,9,5,7,1,2,1,21,1,10,26,5,5,1,23,1,274,0,0,0,0,0,0,0,0,0,0,0,0,0,0,0
154,1,1,9,5,7,1,2,1,21,1,10,26,5,5,1,23,1,274,0,0,0,0,0,0,0,0,0,0,0,0,0,0,0
154,1,1,9,5,7,1,2,1,21,1,10,26,5,5,1,23,1,274,0,0,0,0,0,0,0,0,0,0,0,0,0,0,0
154,1,1,9,5,7,1,2,1,21,1,10,26,5,5,1,23,1,274,0,0,0,0,0,0,0,0,0,0,0,0,0,0,0
154,1,1,9,5,7,1,2,1,21,1,10,26,5,5,1,23,1,274,0,0,0,0,0,0,0,0,0,0,0,0,0,0,0
154,1,1,9,5,7,1,2,1,21,1,10,26,5,5,1,23,1,274,0,0,0,0,0,0,0,0,0,0,0,0,0,0,0
154,1,1,9,5,7,1,2,1,21,1,10,26,5,5,1,23,1,274,0,0,0,0,0,0,0,0,0,0,0,0,0,0,0
154,1,1,9,5,7,1,2,1,21,1,10,26,5,5,1,23,1,274,0,0,0,0,0,0,0,0,0,0,0,0,0,0,0
154,1,1,9,5,7,1,2,1,21,1,10,26,5,5,1,23,1,274,0,0,0,0,0,0,0,0,0,0,0,0,0,0,0
154,1,1,9,5,7,1,2,1,21,1,10,26,5,5,1,23,1,274,0,0,0,0,0,0,0,0,0,0,0,0,0,0,0
154,1,1,9,5,7,1,2,1,21,1,10,26,5,5,1,23,1,274,0,0,0,0,0,0,0,0,0,0,0,0,0,0,0
154,1,1,9,5,7,1,2,1,21,1,10,26,5,5,1,23,1,274,0,0,0,0,0,0,0,0,0,0,0,0,0,0,0
154,1,1,9,5,7,1,2,1,21,1,10,26,5,5,1,23,1,274,0,0,0,0,0,0,0,0,0,0,0,0,0,0,0
154,1,1,9,5,7,1,2,1,21,1,10,26,5,5,1,23,1,274,0,0,0,0,0,0,0,0,0,0,0,0,0,0,0
154,1,1,9,5,7,1,2,1,21,1,10,26,5,5,1,23,1,274,0,0,0,0,0,0,0,0,0,0,0,0,0,0,0
154,1,1,9,5,7,1,2,1,21,1,10,26,5,5,1,23,1,274,0,0,0,0,0,0,0,0,0,0,0,0,0,0,0
154,1,1,9,5,7,1,2,1,21,1,10,26,5,5,1,23,1,274,0,0,0,0,0,0,0,0,0,0,0,0,0,0,0
154,1,1,9,5,7,1,2,1,21,1,10,26,5,5,1,23,1,274,0,0,0,0,0,0,0,0,0,0,0,0,0,0,0
154,1,1,9,5,7,1,2,1,21,1,10,26,5,5,1,23,1,274,0,0,0,0,0,0,0,0,0,0,0,0,0,0,0
154,1,1,9,5,7,1,2,1,21,1,10,26,5,5,1,23,1,274,0,0,0,0,0,0,0,0,0,0,0,0,0,0,0
154,1,1,9,5,7,1,2,1,21,1,10,26,5,5,1,23,1,274,0,0,0,0,0,0,0,0,0,0,0,0,0,0,0
154,1,1,9,5,7,1,2,1,21,1,10,26,5,5,1,23,1,274,0,0,0,0,0,0,0,0,0,0,0,0,0,0,0
154,1,1,9,5,7,1,2,1,21,1,10,26,5,5,1,23,1,274,0,0,0,0,0,0,0,0,0,0,0,0,0,0,0
154,1,1,9,5,7,1,2,1,21,1,10,26,5,5,1,23,1,274,0,0,0,0,0,0,0,0,0,0,0,0,0,0,0
154,1,1,9,5,7,1,2,1,21,1,10,26,5,5,1,23,1,274,0,0,0,0,0,0,0,0,0,0,0,0,0,0,0
154,1,1,9,5,7,1,2,1,21,1,10,26,5,5,1,23,1,274,0,0,0,0,0,0,0,0,0,0,0,0,0,0,0
154,1,1,9,5,7,1,2,1,21,1,10,26,5,5,1,23,1,274,0,0,0,0,0,0,0,0,0,0,0,0,0,0,0
154,1,1,9,5,7,1,2,1,21,1,10,26,5,5,1,23,1,274,0,0,0,0,0,0,0,0,0,0,0,0,0,0,0
154,1,1,9,5,7,1,2,1,21,1,10,26,5,5,1,23,1,274,0,0,0,0,0,0,0,0,0,0,0,0,0,0,0
154,1,1,9,5,7,1,2,1,21,1,10,26,5,5,1,23,1,274,0,0,0,0,0,0,0,0,0,0,0,0,0,0,0
154,1,1,9,5,7,1,2,1,21,1,10,26,5,5,1,23,1,274,0,0,0,0,0,0,0,0,0,0,0,0,0,0,0
154,1,1,9,5,7,1,2,1,21,1,10,26,5,5,1,23,1,274,0,0,0,0,0,0,0,0,0,0,0,0,0,0,0
154,1,1,9,5,7,1,2,1,21,1,10,26,5,5,1,23,1,274,0,0,0,0,0,0,0,0,0,0,0,0,0,0,0
154,1,1,9,5,7,1,2,1,21,1,10,26,5,5,1,23,1,274,0,0,0,0,0,0,0,0,0,0,0,0,0,0,0
154,1,1,9,5,7,1,2,1,21,1,10,26,5,5,1,23,1,274,0,0,0,0,0,0,0,0,0,0,0,0,0,0,0
154,1,1,9,5,7,1,2,1,21,1,10,26,5,5,1,23,1,274,0,0,0,0,0,0,0,0,0,0,0,0,0,0,0
154,1,1,9,5,7,1,2,1,21,1,10,26,5,5,1,23,1,274,0,0,0,0,0,0,0,0,0,0,0,0,0,0,0
154,1,1,9,5,7,1,2,1,21,1,10,26,5,5,1,23,1,274,0,0,0,0,0,0,0,0,0,0,0,0,0,0,0
154,1,1,9,5,7,1,2,1,21,1,10,26,5,5,1,23,1,274,0,0,0,0,0,0,0,0,0,0,0,0,0,0,0
154,1,1,9,5,7,1,2,1,21,1,10,26,5,5,1,23,1,274,0,0,0,0,0,0,0,0,0,0,0,0,0,0,0
154,1,1,9,5,7,1,2,1,21,1,10,26,5,5,1,23,1,274,0,0,0,0,0,0,0,0,0,0,0,0,0,0,0
154,1,1,9,5,7,1,2,1,21,1,10,26,5,5,1,23,1,274,0,0,0,0,0,0,0,0,0,0,0,0,0,0,0
154,1,1,9,5,7,1,2,1,21,1,10,26,5,5,1,23,1,274,0,0,0,0,0,0,0,0,0,0,0,0,0,0,0
154,1,1,9,5,7,1,2,1,21,1,10,26,5,5,1,23,1,274,0,0,0,0,0,0,0,0,0,0,0,0,0,0,0
154,1,1,9,5,7,1,2,1,21,1,10,26,5,5,1,23,1,274,0,0,0,0,0,0,0,0,0,0,0,0,0,0,0
154,1,1,9,5,7,1,2,1,21,1,10,26,5,5,1,23,1,274,0,0,0,0,0,0,0,0,0,0,0,0,0,0,0
154,1,1,9,5,7,1,2,1,21,1,10,26,5,5,1,23,1,274,0,0,0,0,0,0,0,0,0,0,0,0,0,0,0
154,1,1,9,5,7,1,2,1,21,1,10,26,5,5,1,23,1,274,0,0,0,0,0,0,0,0,0,0,0,0,0,0,0
154,1,1,9,5,7,1,2,1,21,1,10,26,5,5,1,23,1,274,0,0,0,0,0,0,0,0,0,0,0,0,0,0,0
154,1,1,9,5,7,1,2,1,21,1,10,26,5,5,1,23,1,274,0,0,0,0,0,0,0,0,0,0,0,0,0,0,0
154,1,1,9,5,7,1,2,1,21,1,10,26,5,5,1,23,1,274,0,0,0,0,0,0,0,0,0,0,0,0,0,0,0
154,1,1,9,5,7,1,2,1,21,1,10,26,5,5,1,23,1,274,0,0,0,0,0,0,0,0,0,0,0,0,0,0,0
154,1,1,9,5,7,1,2,1,21,1,10,26,5,5,1,23,1,274,0,0,0,0,0,0,0,0,0,0,0,0,0,0,0
154,1,1,9,5,7,1,2,1,21,1,10,26,5,5,1,23,1,274,0,0,0,0,0,0,0,0,0,0,0,0,0,0,0
154,1,1,9,5,7,1,2,1,21,1,10,26,5,5,1,23,1,274,0,0,0,0,0,0,0,0,0,0,0,0,0,0,0
154,1,1,9,5,7,1,2,1,21,1,10,26,5,5,1,23,1,274,0,0,0,0,0,0,0,0,0,0,0,0,0,0,0
154,1,1,9,5,7,1,2,1,21,1,10,26,5,5,1,23,1,274,0,0,0,0,0,0,0,0,0,0,0,0,0,0,0
154,1,1,9,5,7,1,2,1,21,1,10,26,5,5,1,23,1,274,0,0,0,0,0,0,0,0,0,0,0,0,0,0,0
154,1,1,9,5,7,1,2,1,21,1,10,26,5,5,1,23,1,274,0,0,0,0,0,0,0,0,0,0,0,0,0,0,0
154,1,1,9,5,7,1,2,1,21,1,10,26,5,5,1,23,1,274,0,0,0,0,0,0,0,0,0,0,0,0,0,0,0
154,1,1,9,5,7,1,2,1,21,1,10,26,5,5,1,23,1,274,0,0,0,0,0,0,0,0,0,0,0,0,0,0,0
154,1,1,9,5,7,1,2,1,21,1,10,26,5,5,1,23,1,274,0,0,0,0,0,0,0,0,0,0,0,0,0,0,0
154,1,1,9,5,7,1,2,1,21,1,10,26,5,5,1,23,1,274,0,0,0,0,0,0,0,0,0,0,0,0,0,0,0
154,1,1,9,5,7,1,2,1,21,1,10,26,5,5,1,23,1,274,0,0,0,0,0,0,0,0,0,0,0,0,0,0,0
154,1,1,9,5,7,1,2,1,21,1,10,26,5,5,1,23,1,274,0,0,0,0,0,0,0,0,0,0,0,0,0,0,0
154,1,1,9,5,7,1,2,1,21,1,10,26,5,5,1,23,1,274,0,0,0,0,0,0,0,0,0,0,0,0,0,0,0
154,1,1,9,5,7,1,2,1,21,1,10,26,5,5,1,23,1,274,0,0,0,0,0,0,0,0,0,0,0,0,0,0,0
154,1,1,9,5,7,1,2,1,21,1,10,26,5,5,1,23,1,274,0,0,0,0,0,0,0,0,0,0,0,0,0,0,0
154,1,1,9,5,7,1,2,1,21,1,10,26,5,5,1,23,1,274,0,0,0,0,0,0,0,0,0,0,0,0,0,0,0
154,1,1,9,5,7,1,2,1,21,1,10,26,5,5,1,23,1,274,0,0,0,0,0,0,0,0,0,0,0,0,0,0,0
154,1,1,9,5,7,1,2,1,21,1,10,26,5,5,1,23,1,274,0,0,0,0,0,0,0,0,0,0,0,0,0,0,0
154,1,1,9,5,7,1,2,1,21,1,10,26,5,5,1,23,1,274,0,0,0,0,0,0,0,0,0,0,0,0,0,0,0
154,1,1,9,5,7,1,2,1,21,1,10,26,5,5,1,23,1,274,0,0,0,0,0,0,0,0,0,0,0,0,0,0,0
154,1,1,9,5,7,1,2,1,21,1,10,26,5,5,1,23,1,274,0,0,0,0,0,0,0,0,0,0,0,0,0,0,0
152,1,1,9,5,7,1,2,1,21,1,9,25,4,4,1,23,1,268,0,0,0,0,0,0,0,0,0,0,0,0,0,0,0
152,1,1,9,5,7,1,2,1,21,1,9,25,4,4,1,23,1,268,0,0,0,0,0,0,0,0,0,0,0,0,0,0,0
152,1,1,9,5,7,1,2,1,21,1,9,25,4,4,1,23,1,268,0,0,0,0,0,0,0,0,0,0,0,0,0,0,0
152,1,1,9,5,7,1,2,1,21,1,9,25,4,4,1,23,1,268,0,0,0,0,0,0,0,0,0,0,0,0,0,0,0
152,1,1,9,5,7,1,2,1,21,1,9,25,4,4,1,23,1,268,0,0,0,0,0,0,0,0,0,0,0,0,0,0,0
152,1,1,9,5,7,1,2,1,21,1,9,25,4,4,1,23,1,268,0,0,0,0,0,0,0,0,0,0,0,0,0,0,0
152,1,1,9,5,7,1,2,1,21,1,9,25,4,4,1,23,1,268,0,0,0,0,0,0,0,0,0,0,0,0,0,0,0
152,1,1,9,5,7,1,2,1,21,1,9,25,4,4,1,23,1,268,0,0,0,0,0,0,0,0,0,0,0,0,0,0,0
152,1,1,9,5,7,1,2,1,21,1,9,25,4,4,1,23,1,268,0,0,0,0,0,0,0,0,0,0,0,0,0,0,0
152,1,1,9,5,7,1,2,1,21,1,9,25,4,4,1,23,1,268,0,0,0,0,0,0,0,0,0,0,0,0,0,0,0
152,1,1,9,5,7,1,2,1,21,1,9,25,4,4,1,23,1,268,0,0,0,0,0,0,0,0,0,0,0,0,0,0,0
152,1,1,9,5,7,1,2,1,21,1,9,25,4,4,1,23,1,268,0,0,0,0,0,0,0,0,0,0,0,0,0,0,0
152,1,1,9,5,7,1,2,1,21,1,9,25,4,4,1,23,1,268,0,0,0,0,0,0,0,0,0,0,0,0,0,0,0
152,1,1,9,5,7,1,2,1,21,1,9,25,4,4,1,23,1,268,0,0,0,0,0,0,0,0,0,0,0,0,0,0,0
152,1,1,9,5,7,1,2,1,21,1,9,25,4,4,1,23,1,268,0,0,0,0,0,0,0,0,0,0,0,0,0,0,0
152,1,1,9,5,7,1,2,1,21,1,9,25,4,4,1,23,1,268,0,0,0,0,0,0,0,0,0,0,0,0,0,0,0
152,1,1,9,5,7,1,2,1,21,1,9,25,4,4,1,23,1,268,0,0,0,0,0,0,0,0,0,0,0,0,0,0,0
152,1,1,9,5,7,1,2,1,21,1,9,25,4,4,1,23,1,268,0,0,0,0,0,0,0,0,0,0,0,0,0,0,0
152,1,1,9,5,7,1,2,1,21,1,9,25,4,4,1,23,1,268,0,0,0,0,0,0,0,0,0,0,0,0,0,0,0
152,1,1,9,5,7,1,2,1,21,1,9,25,4,4,1,23,1,268,0,0,0,0,0,0,0,0,0,0,0,0,0,0,0
152,1,1,9,5,7,1,2,1,21,1,9,25,4,4,1,23,1,268,0,0,0,0,0,0,0,0,0,0,0,0,0,0,0
152,1,1,9,5,7,1,2,1,21,1,9,25,4,4,1,23,1,268,0,0,0,0,0,0,0,0,0,0,0,0,0,0,0
152,1,1,9,5,7,1,2,1,21,1,9,25,4,4,1,23,1,268,0,0,0,0,0,0,0,0,0,0,0,0,0,0,0
152,1,1,9,5,7,1,2,1,21,1,9,25,4,4,1,23,1,268,0,0,0,0,0,0,0,0,0,0,0,0,0,0,0
152,1,1,9,5,7,1,2,1,21,1,9,25,4,4,1,23,1,268,0,0,0,0,0,0,0,0,0,0,0,0,0,0,0
152,1,1,9,5,7,1,2,1,21,1,9,25,4,4,1,23,1,268,0,0,0,0,0,0,0,0,0,0,0,0,0,0,0
152,1,1,9,5,7,1,2,1,21,1,9,25,4,4,1,23,1,268,0,0,0,0,0,0,0,0,0,0,0,0,0,0,0
152,1,1,9,5,7,1,2,1,21,1,9,25,4,4,1,23,1,268,0,0,0,0,0,0,0,0,0,0,0,0,0,0,0
152,1,1,9,5,7,1,2,1,21,1,9,25,4,4,1,23,1,268,0,0,0,0,0,0,0,0,0,0,0,0,0,0,0
190,1,1,13,3,7,1,4,1,30,1,11,28,4,4,1,23,1,326,0,0,0,0,0,0,0,2,0,0,0,0,0,0,0
152,1,1,9,5,7,1,2,1,21,1,9,25,4,4,1,23,1,268,0,0,0,0,0,0,0,0,0,0,0,0,0,0,0
152,1,1,9,5,7,1,2,1,21,1,9,25,4,4,1,23,1,268,0,0,0,0,0,0,0,0,0,0,0,0,0,0,0
152,1,1,9,5,7,1,2,1,21,1,9,25,4,4,1,23,1,268,0,0,0,0,0,0,0,0,0,0,0,0,0,0,0
152,1,1,9,5,7,1,2,1,21,1,9,25,4,4,1,23,1,268,0,0,0,0,0,0,0,0,0,0,0,0,0,0,0
152,1,1,9,5,7,1,2,1,21,1,9,25,4,4,1,23,1,268,0,0,0,0,0,0,0,0,0,0,0,0,0,0,0
152,1,1,9,5,7,1,2,1,21,1,9,25,4,4,1,23,1,268,0,0,0,0,0,0,0,0,0,0,0,0,0,0,0
152,1,1,9,5,7,1,2,1,21,1,9,25,4,4,1,23,1,268,0,0,0,0,0,0,0,0,0,0,0,0,0,0,0
152,1,1,9,5,7,1,2,1,21,1,9,25,4,4,1,23,1,268,0,0,0,0,0,0,0,0,0,0,0,0,0,0,0
152,1,1,9,5,7,1,2,1,21,1,9,25,4,4,1,23,1,268,0,0,0,0,0,0,0,0,0,0,0,0,0,0,0
152,1,1,9,5,7,1,2,1,21,1,9,25,4,4,1,23,1,268,0,0,0,0,0,0,0,0,0,0,0,0,0,0,0
152,1,1,9,5,7,1,2,1,21,1,9,25,4,4,1,23,1,268,0,0,0,0,0,0,0,0,0,0,0,0,0,0,0
152,1,1,9,5,7,1,2,1,21,1,9,25,4,4,1,23,1,268,0,0,0,0,0,0,0,0,0,0,0,0,0,0,0
152,1,1,9,5,7,1,2,1,21,1,9,25,4,4,1,23,1,268,0,0,0,0,0,0,0,0,0,0,0,0,0,0,0
152,1,1,9,5,7,1,2,1,21,1,9,25,4,4,1,23,1,268,0,0,0,0,0,0,0,0,0,0,0,0,0,0,0
152,1,1,9,5,7,1,2,1,21,1,9,25,4,4,1,23,1,268,0,0,0,0,0,0,0,0,0,0,0,0,0,0,0
152,1,1,9,5,7,1,2,1,21,1,9,25,4,4,1,23,1,268,0,0,0,0,0,0,0,0,0,0,0,0,0,0,0
152,1,1,9,5,7,1,2,1,21,1,9,25,4,4,1,23,1,268,0,0,0,0,0,0,0,0,0,0,0,0,0,0,0
152,1,1,9,5,7,1,2,1,21,1,9,25,4,4,1,23,1,268,0,0,0,0,0,0,0,0,0,0,0,0,0,0,0
152,1,1,9,5,7,1,2,1,21,1,9,25,4,4,1,23,1,268,0,0,0,0,0,0,0,0,0,0,0,0,0,0,0
152,1,1,9,5,7,1,2,1,21,1,9,25,4,4,1,23,1,268,0,0,0,0,0,0,0,0,0,0,0,0,0,0,0
152,1,1,9,5,7,1,2,1,21,1,9,25,4,4,1,23,1,268,0,0,0,0,0,0,0,0,0,0,0,0,0,0,0
152,1,1,9,5,7,1,2,1,21,1,9,25,4,4,1,23,1,268,0,0,0,0,0,0,0,0,0,0,0,0,0,0,0
152,1,1,9,5,7,1,2,1,21,1,9,25,4,4,1,23,1,268,0,0,0,0,0,0,0,0,0,0,0,0,0,0,0
152,1,1,9,5,7,1,2,1,21,1,9,25,4,4,1,23,1,268,0,0,0,0,0,0,0,0,0,0,0,0,0,0,0
152,1,1,9,5,7,1,2,1,21,1,9,25,4,4,1,23,1,268,0,0,0,0,0,0,0,0,0,0,0,0,0,0,0
152,1,1,9,5,7,1,2,1,21,1,9,25,4,4,1,23,1,268,0,0,0,0,0,0,0,0,0,0,0,0,0,0,0
152,1,1,9,5,7,1,2,1,21,1,9,25,4,4,1,23,1,268,0,0,0,0,0,0,0,0,0,0,0,0,0,0,0
152,1,1,9,5,7,1,2,1,21,1,9,25,4,4,1,23,1,268,0,0,0,0,0,0,0,0,0,0,0,0,0,0,0
152,1,1,9,5,7,1,2,1,21,1,9,25,4,4,1,23,1,268,0,0,0,0,0,0,0,0,0,0,0,0,0,0,0
152,1,1,9,5,7,1,2,1,21,1,9,25,4,4,1,23,1,268,0,0,0,0,0,0,0,0,0,0,0,0,0,0,0
152,1,1,9,5,7,1,2,1,21,1,9,25,4,4,1,23,1,268,0,0,0,0,0,0,0,0,0,0,0,0,0,0,0
152,1,1,9,5,7,1,2,1,21,1,9,25,4,4,1,23,1,268,0,0,0,0,0,0,0,0,0,0,0,0,0,0,0
152,1,1,9,5,7,1,2,1,21,1,9,25,4,4,1,23,1,268,0,0,0,0,0,0,0,0,0,0,0,0,0,0,0
152,1,1,9,5,7,1,2,1,21,1,9,25,4,4,1,23,1,268,0,0,0,0,0,0,0,0,0,0,0,0,0,0,0
152,1,1,9,5,7,1,2,1,21,1,9,25,4,4,1,23,1,268,0,0,0,0,0,0,0,0,0,0,0,0,0,0,0
152,1,1,9,5,7,1,2,1,21,1,9,25,4,4,1,23,1,268,0,0,0,0,0,0,0,0,0,0,0,0,0,0,0
152,1,1,9,5,7,1,2,1,21,1,9,25,4,4,1,23,1,268,0,0,0,0,0,0,0,0,0,0,0,0,0,0,0
152,1,1,9,5,7,1,2,1,21,1,9,25,4,4,1,23,1,268,0,0,0,0,0,0,0,0,0,0,0,0,0,0,0
152,1,1,9,5,7,1,2,1,21,1,9,25,4,4,1,23,1,268,0,0,0,0,0,0,0,0,0,0,0,0,0,0,0
152,1,1,9,5,7,1,2,1,21,1,9,25,4,4,1,23,1,268,0,0,0,0,0,0,0,0,0,0,0,0,0,0,0
152,1,1,9,5,7,1,2,1,21,1,9,25,4,4,1,23,1,268,0,0,0,0,0,0,0,0,0,0,0,0,0,0,0
152,1,1,9,5,7,1,2,1,21,1,9,25,4,4,1,23,1,268,0,0,0,0,0,0,0,0,0,0,0,0,0,0,0
152,1,1,9,5,7,1,2,1,21,1,9,25,4,4,1,23,1,268,0,0,0,0,0,0,0,0,0,0,0,0,0,0,0
190,1,1,13,3,7,1,4,1,30,1,11,28,4,4,1,23,1,326,0,0,0,0,0,0,0,2,0,0,0,0,0,0,0
56,1,1,21,5,3,1,0,1,6,0,0,2,0,0,0,0,0,107,0,0,0,0,0,0,0,0,1,1,1,1,6,0,0
152,1,1,9,5,7,1,2,1,21,1,9,25,4,4,1,23,1,268,0,0,0,0,0,0,0,0,0,0,0,0,0,0,0
152,1,1,9,5,7,1,2,1,21,1,9,25,4,4,1,23,1,268,0,0,0,0,0,0,0,0,0,0,0,0,0,0,0
152,1,1,9,5,7,1,2,1,21,1,9,25,4,4,1,23,1,268,0,0,0,0,0,0,0,0,0,0,0,0,0,0,0
152,1,1,9,5,7,1,2,1,21,1,9,25,4,4,1,23,1,268,0,0,0,0,0,0,0,0,0,0,0,0,0,0,0
152,1,1,9,5,7,1,2,1,21,1,9,25,4,4,1,23,1,268,0,0,0,0,0,0,0,0,0,0,0,0,0,0,0
152,1,1,9,5,7,1,2,1,21,1,9,25,4,4,1,23,1,268,0,0,0,0,0,0,0,0,0,0,0,0,0,0,0
152,1,1,9,5,7,1,2,1,21,1,9,25,4,4,1,23,1,268,0,0,0,0,0,0,0,0,0,0,0,0,0,0,0
152,1,1,9,5,7,1,2,1,21,1,9,25,4,4,1,23,1,268,0,0,0,0,0,0,0,0,0,0,0,0,0,0,0
152,1,1,9,5,7,1,2,1,21,1,9,25,4,4,1,23,1,268,0,0,0,0,0,0,0,0,0,0,0,0,0,0,0
152,1,1,9,5,7,1,2,1,21,1,9,25,4,4,1,23,1,268,0,0,0,0,0,0,0,0,0,0,0,0,0,0,0
152,1,1,9,5,7,1,2,1,21,1,9,25,4,4,1,23,1,268,0,0,0,0,0,0,0,0,0,0,0,0,0,0,0
152,1,1,9,5,7,1,2,1,21,1,9,25,4,4,1,23,1,268,0,0,0,0,0,0,0,0,0,0,0,0,0,0,0
152,1,1,9,5,7,1,2,1,21,1,9,25,4,4,1,23,1,268,0,0,0,0,0,0,0,0,0,0,0,0,0,0,0
152,1,1,9,5,7,1,2,1,21,1,9,25,4,4,1,23,1,268,0,0,0,0,0,0,0,0,0,0,0,0,0,0,0
152,1,1,9,5,7,1,2,1,21,1,9,25,4,4,1,23,1,268,0,0,0,0,0,0,0,0,0,0,0,0,0,0,0
152,1,1,9,5,7,1,2,1,21,1,9,25,4,4,1,23,1,268,0,0,0,0,0,0,0,0,0,0,0,0,0,0,0
152,1,1,9,5,7,1,2,1,21,1,9,25,4,4,1,23,1,268,0,0,0,0,0,0,0,0,0,0,0,0,0,0,0
152,1,1,9,5,7,1,2,1,21,1,9,25,4,4,1,23,1,268,0,0,0,0,0,0,0,0,0,0,0,0,0,0,0
152,1,1,9,5,7,1,2,1,21,1,9,25,4,4,1,23,1,268,0,0,0,0,0,0,0,0,0,0,0,0,0,0,0
152,1,1,9,5,7,1,2,1,21,1,9,25,4,4,1,23,1,268,0,0,0,0,0,0,0,0,0,0,0,0,0,0,0
152,1,1,9,5,7,1,2,1,21,1,9,25,4,4,1,23,1,268,0,0,0,0,0,0,0,0,0,0,0,0,0,0,0
152,1,1,9,5,7,1,2,1,21,1,9,25,4,4,1,23,1,268,0,0,0,0,0,0,0,0,0,0,0,0,0,0,0
152,1,1,9,5,7,1,2,1,21,1,9,25,4,4,1,23,1,268,0,0,0,0,0,0,0,0,0,0,0,0,0,0,0
152,1,1,9,5,7,1,2,1,21,1,9,25,4,4,1,23,1,268,0,0,0,0,0,0,0,0,0,0,0,0,0,0,0
152,1,1,9,5,7,1,2,1,21,1,9,25,4,4,1,23,1,268,0,0,0,0,0,0,0,0,0,0,0,0,0,0,0
152,1,1,9,5,7,1,2,1,21,1,9,25,4,4,1,23,1,268,0,0,0,0,0,0,0,0,0,0,0,0,0,0,0
152,1,1,9,5,7,1,2,1,21,1,9,25,4,4,1,23,1,268,0,0,0,0,0,0,0,0,0,0,0,0,0,0,0
152,1,1,9,5,7,1,2,1,21,1,9,25,4,4,1,23,1,268,0,0,0,0,0,0,0,0,0,0,0,0,0,0,0
152,1,1,9,5,7,1,2,1,21,1,9,25,4,4,1,23,1,268,0,0,0,0,0,0,0,0,0,0,0,0,0,0,0
148,1,1,7,3,7,1,2,1,21,1,9,25,4,4,1,23,1,260,0,0,0,0,0,0,0,0,0,0,0,0,0,0,0
152,1,1,9,5,7,1,2,1,21,1,9,25,4,4,1,23,1,268,0,0,0,0,0,0,0,0,0,0,0,0,0,0,0
152,1,1,9,5,7,1,2,1,21,1,9,25,4,4,1,23,1,268,0,0,0,0,0,0,0,0,0,0,0,0,0,0,0
152,1,1,9,5,7,1,2,1,21,1,9,25,4,4,1,23,1,268,0,0,0,0,0,0,0,0,0,0,0,0,0,0,0
152,1,1,9,5,7,1,2,1,21,1,9,25,4,4,1,23,1,268,0,0,0,0,0,0,0,0,0,0,0,0,0,0,0
152,1,1,9,5,7,1,2,1,21,1,9,25,4,4,1,23,1,268,0,0,0,0,0,0,0,0,0,0,0,0,0,0,0
152,1,1,9,5,7,1,2,1,21,1,9,25,4,4,1,23,1,268,0,0,0,0,0,0,0,0,0,0,0,0,0,0,0
152,1,1,9,5,7,1,2,1,21,1,9,25,4,4,1,23,1,268,0,0,0,0,0,0,0,0,0,0,0,0,0,0,0
152,1,1,9,5,7,1,2,1,21,1,9,25,4,4,1,23,1,268,0,0,0,0,0,0,0,0,0,0,0,0,0,0,0
152,1,1,9,5,7,1,2,1,21,1,9,25,4,4,1,23,1,268,0,0,0,0,0,0,0,0,0,0,0,0,0,0,0
152,1,1,9,5,7,1,2,1,21,1,9,25,4,4,1,23,1,268,0,0,0,0,0,0,0,0,0,0,0,0,0,0,0
152,1,1,9,5,7,1,2,1,21,1,9,25,4,4,1,23,1,268,0,0,0,0,0,0,0,0,0,0,0,0,0,0,0
152,1,1,9,5,7,1,2,1,21,1,9,25,4,4,1,23,1,268,0,0,0,0,0,0,0,0,0,0,0,0,0,0,0
190,1,1,13,3,7,1,4,1,30,1,11,28,4,4,1,23,1,326,0,0,0,0,0,0,0,2,0,0,0,0,0,0,0
152,1,1,9,5,7,1,2,1,21,1,9,25,4,4,1,23,1,268,0,0,0,0,0,0,0,0,0,0,0,0,0,0,0
152,1,1,9,5,7,1,2,1,21,1,9,25,4,4,1,23,1,268,0,0,0,0,0,0,0,0,0,0,0,0,0,0,0
152,1,1,9,5,7,1,2,1,21,1,9,25,4,4,1,23,1,268,0,0,0,0,0,0,0,0,0,0,0,0,0,0,0
152,1,1,9,5,7,1,2,1,21,1,9,25,4,4,1,23,1,268,0,0,0,0,0,0,0,0,0,0,0,0,0,0,0
152,1,1,9,5,7,1,2,1,21,1,9,25,4,4,1,23,1,268,0,0,0,0,0,0,0,0,0,0,0,0,0,0,0
152,1,1,9,5,7,1,2,1,21,1,9,25,4,4,1,23,1,268,0,0,0,0,0,0,0,0,0,0,0,0,0,0,0
152,1,1,9,5,7,1,2,1,21,1,9,25,4,4,1,23,1,268,0,0,0,0,0,0,0,0,0,0,0,0,0,0,0
152,1,1,9,5,7,1,2,1,21,1,9,25,4,4,1,23,1,268,0,0,0,0,0,0,0,0,0,0,0,0,0,0,0
152,1,1,9,5,7,1,2,1,21,1,9,25,4,4,1,23,1,268,0,0,0,0,0,0,0,0,0,0,0,0,0,0,0
152,1,1,9,5,7,1,2,1,21,1,9,25,4,4,1,23,1,268,0,0,0,0,0,0,0,0,0,0,0,0,0,0,0
152,1,1,9,5,7,1,2,1,21,1,9,25,4,4,1,23,1,268,0,0,0,0,0,0,0,0,0,0,0,0,0,0,0
152,1,1,9,5,7,1,2,1,21,1,9,25,4,4,1,23,1,268,0,0,0,0,0,0,0,0,0,0,0,0,0,0,0
152,1,1,9,5,7,1,2,1,21,1,9,25,4,4,1,23,1,268,0,0,0,0,0,0,0,0,0,0,0,0,0,0,0
152,1,1,9,5,7,1,2,1,21,1,9,25,4,4,1,23,1,268,0,0,0,0,0,0,0,0,0,0,0,0,0,0,0
152,1,1,9,5,7,1,2,1,21,1,9,25,4,4,1,23,1,268,0,0,0,0,0,0,0,0,0,0,0,0,0,0,0
152,1,1,9,5,7,1,2,1,21,1,9,25,4,4,1,23,1,268,0,0,0,0,0,0,0,0,0,0,0,0,0,0,0
152,1,1,9,5,7,1,2,1,21,1,9,25,4,4,1,23,1,268,0,0,0,0,0,0,0,0,0,0,0,0,0,0,0
152,1,1,9,5,7,1,2,1,21,1,9,25,4,4,1,23,1,268,0,0,0,0,0,0,0,0,0,0,0,0,0,0,0
152,1,1,9,5,7,1,2,1,21,1,9,25,4,4,1,23,1,268,0,0,0,0,0,0,0,0,0,0,0,0,0,0,0
152,1,1,9,5,7,1,2,1,21,1,9,25,4,4,1,23,1,268,0,0,0,0,0,0,0,0,0,0,0,0,0,0,0
152,1,1,9,5,7,1,2,1,21,1,9,25,4,4,1,23,1,268,0,0,0,0,0,0,0,0,0,0,0,0,0,0,0
152,1,1,9,5,7,1,2,1,21,1,9,25,4,4,1,23,1,268,0,0,0,0,0,0,0,0,0,0,0,0,0,0,0
152,1,1,9,5,7,1,2,1,21,1,9,25,4,4,1,23,1,268,0,0,0,0,0,0,0,0,0,0,0,0,0,0,0
152,1,1,9,5,7,1,2,1,21,1,9,25,4,4,1,23,1,268,0,0,0,0,0,0,0,0,0,0,0,0,0,0,0
152,1,1,9,5,7,1,2,1,21,1,9,25,4,4,1,23,1,268,0,0,0,0,0,0,0,0,0,0,0,0,0,0,0
152,1,1,9,5,7,1,2,1,21,1,9,25,4,4,1,23,1,268,0,0,0,0,0,0,0,0,0,0,0,0,0,0,0
152,1,1,9,5,7,1,2,1,21,1,9,25,4,4,1,23,1,268,0,0,0,0,0,0,0,0,0,0,0,0,0,0,0
152,1,1,9,5,7,1,2,1,21,1,9,25,4,4,1,23,1,268,0,0,0,0,0,0,0,0,0,0,0,0,0,0,0
152,1,1,9,5,7,1,2,1,21,1,9,25,4,4,1,23,1,268,0,0,0,0,0,0,0,0,0,0,0,0,0,0,0
152,1,1,9,5,7,1,2,1,21,1,9,25,4,4,1,23,1,268,0,0,0,0,0,0,0,0,0,0,0,0,0,0,0
152,1,1,9,5,7,1,2,1,21,1,9,25,4,4,1,23,1,268,0,0,0,0,0,0,0,0,0,0,0,0,0,0,0
152,1,1,9,5,7,1,2,1,21,1,9,25,4,4,1,23,1,268,0,0,0,0,0,0,0,0,0,0,0,0,0,0,0
152,1,1,9,5,7,1,2,1,21,1,9,25,4,4,1,23,1,268,0,0,0,0,0,0,0,0,0,0,0,0,0,0,0
152,1,1,9,5,7,1,2,1,21,1,9,25,4,4,1,23,1,268,0,0,0,0,0,0,0,0,0,0,0,0,0,0,0
152,1,1,9,5,7,1,2,1,21,1,9,25,4,4,1,23,1,268,0,0,0,0,0,0,0,0,0,0,0,0,0,0,0
152,1,1,9,5,7,1,2,1,21,1,9,25,4,4,1,23,1,268,0,0,0,0,0,0,0,0,0,0,0,0,0,0,0
152,1,1,9,5,7,1,2,1,21,1,9,25,4,4,1,23,1,268,0,0,0,0,0,0,0,0,0,0,0,0,0,0,0
152,1,1,9,5,7,1,2,1,21,1,9,25,4,4,1,23,1,268,0,0,0,0,0,0,0,0,0,0,0,0,0,0,0
152,1,1,9,5,7,1,2,1,21,1,9,25,4,4,1,23,1,268,0,0,0,0,0,0,0,0,0,0,0,0,0,0,0
152,1,1,9,5,7,1,2,1,21,1,9,25,4,4,1,23,1,268,0,0,0,0,0,0,0,0,0,0,0,0,0,0,0
152,1,1,9,5,7,1,2,1,21,1,9,25,4,4,1,23,1,268,0,0,0,0,0,0,0,0,0,0,0,0,0,0,0
152,1,1,9,5,7,1,2,1,21,1,9,25,4,4,1,23,1,268,0,0,0,0,0,0,0,0,0,0,0,0,0,0,0
152,1,1,9,5,7,1,2,1,21,1,9,25,4,4,1,23,1,268,0,0,0,0,0,0,0,0,0,0,0,0,0,0,0
152,1,1,9,5,7,1,2,1,21,1,9,25,4,4,1,23,1,268,0,0,0,0,0,0,0,0,0,0,0,0,0,0,0
152,1,1,9,5,7,1,2,1,21,1,9,25,4,4,1,23,1,268,0,0,0,0,0,0,0,0,0,0,0,0,0,0,0
152,1,1,9,5,7,1,2,1,21,1,9,25,4,4,1,23,1,268,0,0,0,0,0,0,0,0,0,0,0,0,0,0,0
152,1,1,9,5,7,1,2,1,21,1,9,25,4,4,1,23,1,268,0,0,0,0,0,0,0,0,0,0,0,0,0,0,0
152,1,1,9,5,7,1,2,1,21,1,9,25,4,4,1,23,1,268,0,0,0,0,0,0,0,0,0,0,0,0,0,0,0
152,1,1,9,5,7,1,2,1,21,1,9,25,4,4,1,23,1,268,0,0,0,0,0,0,0,0,0,0,0,0,0,0,0
152,1,1,9,5,7,1,2,1,21,1,9,25,4,4,1,23,1,268,0,0,0,0,0,0,0,0,0,0,0,0,0,0,0
152,1,1,9,5,7,1,2,1,21,1,9,25,4,4,1,23,1,268,0,0,0,0,0,0,0,0,0,0,0,0,0,0,0
152,1,1,9,5,7,1,2,1,21,1,9,25,4,4,1,23,1,268,0,0,0,0,0,0,0,0,0,0,0,0,0,0,0
152,1,1,9,5,7,1,2,1,21,1,9,25,4,4,1,23,1,268,0,0,0,0,0,0,0,0,0,0,0,0,0,0,0
152,1,1,9,5,7,1,2,1,21,1,9,25,4,4,1,23,1,268,0,0,0,0,0,0,0,0,0,0,0,0,0,0,0
152,1,1,9,5,7,1,2,1,21,1,9,25,4,4,1,23,1,268,0,0,0,0,0,0,0,0,0,0,0,0,0,0,0
152,1,1,9,5,7,1,2,1,21,1,9,25,4,4,1,23,1,268,0,0,0,0,0,0,0,0,0,0,0,0,0,0,0
152,1,1,9,5,7,1,2,1,21,1,9,25,4,4,1,23,1,268,0,0,0,0,0,0,0,0,0,0,0,0,0,0,0
152,1,1,9,5,7,1,2,1,21,1,9,25,4,4,1,23,1,268,0,0,0,0,0,0,0,0,0,0,0,0,0,0,0
152,1,1,9,5,7,1,2,1,21,1,9,25,4,4,1,23,1,268,0,0,0,0,0,0,0,0,0,0,0,0,0,0,0
152,1,1,9,5,7,1,2,1,21,1,9,25,4,4,1,23,1,268,0,0,0,0,0,0,0,0,0,0,0,0,0,0,0
177,1,1,12,2,6,1,4,1,30,0,10,24,3,3,1,21,1,300,0,0,0,0,0,0,0,2,0,0,0,0,0,0,0
177,1,1,12,2,6,1,4,1,30,0,10,24,3,3,1,21,1,300,0,0,0,0,0,0,0,2,0,0,0,0,0,0,0
177,1,1,12,2,6,1,4,1,30,0,10,24,3,3,1,21,1,300,0,0,0,0,0,0,0,2,0,0,0,0,0,0,0
139,1,1,8,4,6,1,2,1,21,0,8,21,3,3,1,21,1,242,0,0,0,0,0,0,0,0,0,0,0,0,0,0,0
177,1,1,12,2,6,1,4,1,30,0,10,24,3,3,1,21,1,300,0,0,0,0,0,0,0,2,0,0,0,0,0,0,0
116,0,1,5,0,1,1,2,1,7,6,1,12,0,0,0,0,3,192,3,3,6,16,1,4,1,0,0,1,0,0,0,0,0
139,1,1,8,4,6,1,2,1,21,0,8,21,3,3,1,21,1,242,0,0,0,0,0,0,0,0,0,0,0,0,0,0,0
177,1,1,12,2,6,1,4,1,30,0,10,24,3,3,1,21,1,300,0,0,0,0,0,0,0,2,0,0,0,0,0,0,0
177,1,1,12,2,6,1,4,1,30,0,10,24,3,3,1,21,1,300,0,0,0,0,0,0,0,2,0,0,0,0,0,0,0
177,1,1,12,2,6,1,4,1,30,0,10,24,3,3,1,21,1,300,0,0,0,0,0,0,0,2,0,0,0,0,0,0,0
177,1,1,12,2,6,1,4,1,30,0,10,24,3,3,1,21,1,300,0,0,0,0,0,0,0,2,0,0,0,0,0,0,0
139,1,1,8,4,6,1,2,1,21,0,8,21,3,3,1,21,1,242,0,0,0,0,0,0,0,0,0,0,0,0,0,0,0
139,1,1,8,4,6,1,2,1,21,0,8,21,3,3,1,21,1,242,0,0,0,0,0,0,0,0,0,0,0,0,0,0,0
177,1,1,12,2,6,1,4,1,30,0,10,24,3,3,1,21,1,300,0,0,0,0,0,0,0,2,0,0,0,0,0,0,0
139,1,1,8,4,6,1,2,1,21,0,8,21,3,3,1,21,1,242,0,0,0,0,0,0,0,0,0,0,0,0,0,0,0
139,1,1,8,4,6,1,2,1,21,0,8,21,3,3,1,21,1,242,0,0,0,0,0,0,0,0,0,0,0,0,0,0,0
177,1,1,12,2,6,1,4,1,30,0,10,24,3,3,1,21,1,300,0,0,0,0,0,0,0,2,0,0,0,0,0,0,0
177,1,1,12,2,6,1,4,1,30,0,10,24,3,3,1,21,1,300,0,0,0,0,0,0,0,2,0,0,0,0,0,0,0
139,1,1,8,4,6,1,2,1,21,0,8,21,3,3,1,21,1,242,0,0,0,0,0,0,0,0,0,0,0,0,0,0,0
177,1,1,12,2,6,1,4,1,30,0,10,24,3,3,1,21,1,300,0,0,0,0,0,0,0,2,0,0,0,0,0,0,0
177,1,1,12,2,6,1,4,1,30,0,10,24,3,3,1,21,1,300,0,0,0,0,0,0,0,2,0,0,0,0,0,0,0
139,1,1,8,4,6,1,2,1,21,0,8,21,3,3,1,21,1,242,0,0,0,0,0,0,0,0,0,0,0,0,0,0,0
139,1,1,8,4,6,1,2,1,21,0,8,21,3,3,1,21,1,242,0,0,0,0,0,0,0,0,0,0,0,0,0,0,0
139,1,1,8,4,6,1,2,1,21,0,8,21,3,3,1,21,1,242,0,0,0,0,0,0,0,0,0,0,0,0,0,0,0
139,1,1,8,4,6,1,2,1,21,0,8,21,3,3,1,21,1,242,0,0,0,0,0,0,0,0,0,0,0,0,0,0,0
139,1,1,8,4,6,1,2,1,21,0,8,21,3,3,1,21,1,242,0,0,0,0,0,0,0,0,0,0,0,0,0,0,0
177,1,1,12,2,6,1,4,1,30,0,10,24,3,3,1,21,1,300,0,0,0,0,0,0,0,2,0,0,0,0,0,0,0
139,1,1,8,4,6,1,2,1,21,0,8,21,3,3,1,21,1,242,0,0,0,0,0,0,0,0,0,0,0,0,0,0,0
139,1,1,8,4,6,1,2,1,21,0,8,21,3,3,1,21,1,242,0,0,0,0,0,0,0,0,0,0,0,0,0,0,0
139,1,1,8,4,6,1,2,1,21,0,8,21,3,3,1,21,1,242,0,0,0,0,0,0,0,0,0,0,0,0,0,0,0
139,1,1,8,4,6,1,2,1,21,0,8,21,3,3,1,21,1,242,0,0,0,0,0,0,0,0,0,0,0,0,0,0,0
177,1,1,12,2,6,1,4,1,30,0,10,24,3,3,1,21,1,300,0,0,0,0,0,0,0,2,0,0,0,0,0,0,0
177,1,1,12,2,6,1,4,1,30,0,10,24,3,3,1,21,1,300,0,0,0,0,0,0,0,2,0,0,0,0,0,0,0
177,1,1,12,2,6,1,4,1,30,0,10,24,3,3,1,21,1,300,0,0,0,0,0,0,0,2,0,0,0,0,0,0,0
177,1,1,12,2,6,1,4,1,30,0,10,24,3,3,1,21,1,300,0,0,0,0,0,0,0,2,0,0,0,0,0,0,0
139,1,1,8,4,6,1,2,1,21,0,8,21,3,3,1,21,1,242,0,0,0,0,0,0,0,0,0,0,0,0,0,0,0
177,1,1,12,2,6,1,4,1,30,0,10,24,3,3,1,21,1,300,0,0,0,0,0,0,0,2,0,0,0,0,0,0,0
139,1,1,8,4,6,1,2,1,21,0,8,21,3,3,1,21,1,242,0,0,0,0,0,0,0,0,0,0,0,0,0,0,0
177,1,1,12,2,6,1,4,1,30,0,10,24,3,3,1,21,1,300,0,0,0,0,0,0,0,2,0,0,0,0,0,0,0
139,1,1,8,4,6,1,2,1,21,0,8,21,3,3,1,21,1,242,0,0,0,0,0,0,0,0,0,0,0,0,0,0,0
139,1,1,8,4,6,1,2,1,21,0,8,21,3,3,1,21,1,242,0,0,0,0,0,0,0,0,0,0,0,0,0,0,0
139,1,1,8,4,6,1,2,1,21,0,8,21,3,3,1,21,1,242,0,0,0,0,0,0,0,0,0,0,0,0,0,0,0
179,1,1,12,2,6,1,4,1,30,1,10,24,3,3,1,21,1,303,0,0,0,0,0,0,0,2,0,0,0,0,0,0,0
141,1,1,8,4,6,1,2,1,21,1,8,21,3,3,1,21,1,245,0,0,0,0,0,0,0,0,0,0,0,0,0,0,0
141,1,1,8,4,6,1,2,1,21,1,8,21,3,3,1,21,1,245,0,0,0,0,0,0,0,0,0,0,0,0,0,0,0
141,1,1,8,4,6,1,2,1,21,1,8,21,3,3,1,21,1,245,0,0,0,0,0,0,0,0,0,0,0,0,0,0,0
141,1,1,8,4,6,1,2,1,21,1,8,21,3,3,1,21,1,245,0,0,0,0,0,0,0,0,0,0,0,0,0,0,0
141,1,1,8,4,6,1,2,1,21,1,8,21,3,3,1,21,1,245,0,0,0,0,0,0,0,0,0,0,0,0,0,0,0
141,1,1,8,4,6,1,2,1,21,1,8,21,3,3,1,21,1,245,0,0,0,0,0,0,0,0,0,0,0,0,0,0,0
179,1,1,12,2,6,1,4,1,30,1,10,24,3,3,1,21,1,303,0,0,0,0,0,0,0,2,0,0,0,0,0,0,0
141,1,1,8,4,6,1,2,1,21,1,8,21,3,3,1,21,1,245,0,0,0,0,0,0,0,0,0,0,0,0,0,0,0
141,1,1,8,4,6,1,2,1,21,1,8,21,3,3,1,21,1,245,0,0,0,0,0,0,0,0,0,0,0,0,0,0,0
179,1,1,12,2,6,1,4,1,30,1,10,24,3,3,1,21,1,303,0,0,0,0,0,0,0,2,0,0,0,0,0,0,0
179,1,1,12,2,6,1,4,1,30,1,10,24,3,3,1,21,1,303,0,0,0,0,0,0,0,2,0,0,0,0,0,0,0
179,1,1,12,2,6,1,4,1,30,1,10,24,3,3,1,21,1,303,0,0,0,0,0,0,0,2,0,0,0,0,0,0,0
141,1,1,8,4,6,1,2,1,21,1,8,21,3,3,1,21,1,245,0,0,0,0,0,0,0,0,0,0,0,0,0,0,0
141,1,1,8,4,6,1,2,1,21,1,8,21,3,3,1,21,1,245,0,0,0,0,0,0,0,0,0,0,0,0,0,0,0
179,1,1,12,2,6,1,4,1,30,1,10,24,3,3,1,21,1,303,0,0,0,0,0,0,0,2,0,0,0,0,0,0,0
179,1,1,12,2,6,1,4,1,30,1,10,24,3,3,1,21,1,303,0,0,0,0,0,0,0,2,0,0,0,0,0,0,0
179,1,1,12,2,6,1,4,1,30,1,10,24,3,3,1,21,1,303,0,0,0,0,0,0,0,2,0,0,0,0,0,0,0
179,1,1,12,2,6,1,4,1,30,1,10,24,3,3,1,21,1,303,0,0,0,0,0,0,0,2,0,0,0,0,0,0,0
141,1,1,8,4,6,1,2,1,21,1,8,21,3,3,1,21,1,245,0,0,0,0,0,0,0,0,0,0,0,0,0,0,0
179,1,1,12,2,6,1,4,1,30,1,10,24,3,3,1,21,1,303,0,0,0,0,0,0,0,2,0,0,0,0,0,0,0
179,1,1,12,2,6,1,4,1,30,1,10,24,3,3,1,21,1,303,0,0,0,0,0,0,0,2,0,0,0,0,0,0,0
141,1,1,8,4,6,1,2,1,21,1,8,21,3,3,1,21,1,245,0,0,0,0,0,0,0,0,0,0,0,0,0,0,0
141,1,1,8,4,6,1,2,1,21,1,8,21,3,3,1,21,1,245,0,0,0,0,0,0,0,0,0,0,0,0,0,0,0
141,1,1,8,4,6,1,2,1,21,1,8,21,3,3,1,21,1,245,0,0,0,0,0,0,0,0,0,0,0,0,0,0,0
141,1,1,8,4,6,1,2,1,21,1,8,21,3,3,1,21,1,245,0,0,0,0,0,0,0,0,0,0,0,0,0,0,0
141,1,1,8,4,6,1,2,1,21,1,8,21,3,3,1,21,1,245,0,0,0,0,0,0,0,0,0,0,0,0,0,0,0
141,1,1,8,4,6,1,2,1,21,1,8,21,3,3,1,21,1,245,0,0,0,0,0,0,0,0,0,0,0,0,0,0,0
179,1,1,12,2,6,1,4,1,30,1,10,24,3,3,1,21,1,303,0,0,0,0,0,0,0,2,0,0,0,0,0,0,0
141,1,1,8,4,6,1,2,1,21,1,8,21,3,3,1,21,1,245,0,0,0,0,0,0,0,0,0,0,0,0,0,0,0
179,1,1,12,2,6,1,4,1,30,1,10,24,3,3,1,21,1,303,0,0,0,0,0,0,0,2,0,0,0,0,0,0,0
142,1,1,8,4,6,1,2,1,21,1,8,22,3,3,1,21,1,247,0,0,0,0,0,0,0,0,0,0,0,0,0,0,0
142,1,1,8,4,6,1,2,1,21,1,8,22,3,3,1,21,1,247,0,0,0,0,0,0,0,0,0,0,0,0,0,0,0
142,1,1,8,4,6,1,2,1,21,1,8,22,3,3,1,21,1,247,0,0,0,0,0,0,0,0,0,0,0,0,0,0,0
142,1,1,8,4,6,1,2,1,21,1,8,22,3,3,1,21,1,247,0,0,0,0,0,0,0,0,0,0,0,0,0,0,0
142,1,1,8,4,6,1,2,1,21,1,8,22,3,3,1,21,1,247,0,0,0,0,0,0,0,0,0,0,0,0,0,0,0
142,1,1,8,4,6,1,2,1,21,1,8,22,3,3,1,21,1,247,0,0,0,0,0,0,0,0,0,0,0,0,0,0,0
142,1,1,8,4,6,1,2,1,21,1,8,22,3,3,1,21,1,247,0,0,0,0,0,0,0,0,0,0,0,0,0,0,0
142,1,1,8,4,6,1,2,1,21,1,8,22,3,3,1,21,1,247,0,0,0,0,0,0,0,0,0,0,0,0,0,0,0
142,1,1,8,4,6,1,2,1,21,1,8,22,3,3,1,21,1,247,0,0,0,0,0,0,0,0,0,0,0,0,0,0,0
180,1,1,12,2,6,1,4,1,30,1,10,25,3,3,1,21,1,305,0,0,0,0,0,0,0,2,0,0,0,0,0,0,0
180,1,1,12,2,6,1,4,1,30,1,10,25,3,3,1,21,1,305,0,0,0,0,0,0,0,2,0,0,0,0,0,0,0
180,1,1,12,2,6,1,4,1,30,1,10,25,3,3,1,21,1,305,0,0,0,0,0,0,0,2,0,0,0,0,0,0,0
142,1,1,8,4,6,1,2,1,21,1,8,22,3,3,1,21,1,247,0,0,0,0,0,0,0,0,0,0,0,0,0,0,0
142,1,1,8,4,6,1,2,1,21,1,8,22,3,3,1,21,1,247,0,0,0,0,0,0,0,0,0,0,0,0,0,0,0
142,1,1,8,4,6,1,2,1,21,1,8,22,3,3,1,21,1,247,0,0,0,0,0,0,0,0,0,0,0,0,0,0,0
142,1,1,8,4,6,1,2,1,21,1,8,22,3,3,1,21,1,247,0,0,0,0,0,0,0,0,0,0,0,0,0,0,0
142,1,1,8,4,6,1,2,1,21,1,8,22,3,3,1,21,1,247,0,0,0,0,0,0,0,0,0,0,0,0,0,0,0
142,1,1,8,4,6,1,2,1,21,1,8,22,3,3,1,21,1,247,0,0,0,0,0,0,0,0,0,0,0,0,0,0,0
142,1,1,8,4,6,1,2,1,21,1,8,22,3,3,1,21,1,247,0,0,0,0,0,0,0,0,0,0,0,0,0,0,0
142,1,1,8,4,6,1,2,1,21,1,8,22,3,3,1,21,1,247,0,0,0,0,0,0,0,0,0,0,0,0,0,0,0
142,1,1,8,4,6,1,2,1,21,1,8,22,3,3,1,21,1,247,0,0,0,0,0,0,0,0,0,0,0,0,0,0,0
142,1,1,8,4,6,1,2,1,21,1,8,22,3,3,1,21,1,247,0,0,0,0,0,0,0,0,0,0,0,0,0,0,0
180,1,1,12,2,6,1,4,1,30,1,10,25,3,3,1,21,1,305,0,0,0,0,0,0,0,2,0,0,0,0,0,0,0
142,1,1,8,4,6,1,2,1,21,1,8,22,3,3,1,21,1,247,0,0,0,0,0,0,0,0,0,0,0,0,0,0,0
142,1,1,8,4,6,1,2,1,21,1,8,22,3,3,1,21,1,247,0,0,0,0,0,0,0,0,0,0,0,0,0,0,0
142,1,1,8,4,6,1,2,1,21,1,8,22,3,3,1,21,1,247,0,0,0,0,0,0,0,0,0,0,0,0,0,0,0
180,1,1,12,2,6,1,4,1,30,1,10,25,3,3,1,21,1,305,0,0,0,0,0,0,0,2,0,0,0,0,0,0,0
142,1,1,8,4,6,1,2,1,21,1,8,22,3,3,1,21,1,247,0,0,0,0,0,0,0,0,0,0,0,0,0,0,0
142,1,1,8,4,6,1,2,1,21,1,8,22,3,3,1,21,1,247,0,0,0,0,0,0,0,0,0,0,0,0,0,0,0
142,1,1,8,4,6,1,2,1,21,1,8,22,3,3,1,21,1,247,0,0,0,0,0,0,0,0,0,0,0,0,0,0,0
142,1,1,8,4,6,1,2,1,21,1,8,22,3,3,1,21,1,247,0,0,0,0,0,0,0,0,0,0,0,0,0,0,0
142,1,1,8,4,6,1,2,1,21,1,8,22,3,3,1,21,1,247,0,0,0,0,0,0,0,0,0,0,0,0,0,0,0
142,1,1,8,4,6,1,2,1,21,1,8,22,3,3,1,21,1,247,0,0,0,0,0,0,0,0,0,0,0,0,0,0,0
142,1,1,8,4,6,1,2,1,21,1,8,22,3,3,1,21,1,247,0,0,0,0,0,0,0,0,0,0,0,0,0,0,0
142,1,1,8,4,6,1,2,1,21,1,8,22,3,3,1,21,1,247,0,0,0,0,0,0,0,0,0,0,0,0,0,0,0
142,1,1,8,4,6,1,2,1,21,1,8,22,3,3,1,21,1,247,0,0,0,0,0,0,0,0,0,0,0,0,0,0,0
142,1,1,8,4,6,1,2,1,21,1,8,22,3,3,1,21,1,247,0,0,0,0,0,0,0,0,0,0,0,0,0,0,0
142,1,1,8,4,6,1,2,1,21,1,8,22,3,3,1,21,1,247,0,0,0,0,0,0,0,0,0,0,0,0,0,0,0
142,1,1,8,4,6,1,2,1,21,1,8,22,3,3,1,21,1,247,0,0,0,0,0,0,0,0,0,0,0,0,0,0,0
142,1,1,8,4,6,1,2,1,21,1,8,22,3,3,1,21,1,247,0,0,0,0,0,0,0,0,0,0,0,0,0,0,0
142,1,1,8,4,6,1,2,1,21,1,8,22,3,3,1,21,1,247,0,0,0,0,0,0,0,0,0,0,0,0,0,0,0
142,1,1,8,4,6,1,2,1,21,1,8,22,3,3,1,21,1,247,0,0,0,0,0,0,0,0,0,0,0,0,0,0,0
142,1,1,8,4,6,1,2,1,21,1,8,22,3,3,1,21,1,247,0,0,0,0,0,0,0,0,0,0,0,0,0,0,0
142,1,1,8,4,6,1,2,1,21,1,8,22,3,3,1,21,1,247,0,0,0,0,0,0,0,0,0,0,0,0,0,0,0
142,1,1,8,4,6,1,2,1,21,1,8,22,3,3,1,21,1,247,0,0,0,0,0,0,0,0,0,0,0,0,0,0,0
142,1,1,8,4,6,1,2,1,21,1,8,22,3,3,1,21,1,247,0,0,0,0,0,0,0,0,0,0,0,0,0,0,0
142,1,1,8,4,6,1,2,1,21,1,8,22,3,3,1,21,1,247,0,0,0,0,0,0,0,0,0,0,0,0,0,0,0
142,1,1,8,4,6,1,2,1,21,1,8,22,3,3,1,21,1,247,0,0,0,0,0,0,0,0,0,0,0,0,0,0,0
142,1,1,8,4,6,1,2,1,21,1,8,22,3,3,1,21,1,247,0,0,0,0,0,0,0,0,0,0,0,0,0,0,0
142,1,1,8,4,6,1,2,1,21,1,8,22,3,3,1,21,1,247,0,0,0,0,0,0,0,0,0,0,0,0,0,0,0
142,1,1,8,4,6,1,2,1,21,1,8,22,3,3,1,21,1,247,0,0,0,0,0,0,0,0,0,0,0,0,0,0,0
142,1,1,8,4,6,1,2,1,21,1,8,22,3,3,1,21,1,247,0,0,0,0,0,0,0,0,0,0,0,0,0,0,0
142,1,1,8,4,6,1,2,1,21,1,8,22,3,3,1,21,1,247,0,0,0,0,0,0,0,0,0,0,0,0,0,0,0
142,1,1,8,4,6,1,2,1,21,1,8,22,3,3,1,21,1,247,0,0,0,0,0,0,0,0,0,0,0,0,0,0,0
142,1,1,8,4,6,1,2,1,21,1,8,22,3,3,1,21,1,247,0,0,0,0,0,0,0,0,0,0,0,0,0,0,0
142,1,1,8,4,6,1,2,1,21,1,8,22,3,3,1,21,1,247,0,0,0,0,0,0,0,0,0,0,0,0,0,0,0
116,0,1,5,0,1,1,2,1,7,6,1,12,0,0,0,0,3,192,3,3,6,16,1,4,1,0,0,1,0,0,0,0,0
142,1,1,8,4,6,1,2,1,21,1,8,22,3,3,1,21,1,247,0,0,0,0,0,0,0,0,0,0,0,0,0,0,0
142,1,1,8,4,6,1,2,1,21,1,8,22,3,3,1,21,1,247,0,0,0,0,0,0,0,0,0,0,0,0,0,0,0
142,1,1,8,4,6,1,2,1,21,1,8,22,3,3,1,21,1,247,0,0,0,0,0,0,0,0,0,0,0,0,0,0,0
142,1,1,8,4,6,1,2,1,21,1,8,22,3,3,1,21,1,247,0,0,0,0,0,0,0,0,0,0,0,0,0,0,0
142,1,1,8,4,6,1,2,1,21,1,8,22,3,3,1,21,1,247,0,0,0,0,0,0,0,0,0,0,0,0,0,0,0
142,1,1,8,4,6,1,2,1,21,1,8,22,3,3,1,21,1,247,0,0,0,0,0,0,0,0,0,0,0,0,0,0,0
142,1,1,8,4,6,1,2,1,21,1,8,22,3,3,1,21,1,247,0,0,0,0,0,0,0,0,0,0,0,0,0,0,0
142,1,1,8,4,6,1,2,1,21,1,8,22,3,3,1,21,1,247,0,0,0,0,0,0,0,0,0,0,0,0,0,0,0
142,1,1,8,4,6,1,2,1,21,1,8,22,3,3,1,21,1,247,0,0,0,0,0,0,0,0,0,0,0,0,0,0,0
142,1,1,8,4,6,1,2,1,21,1,8,22,3,3,1,21,1,247,0,0,0,0,0,0,0,0,0,0,0,0,0,0,0
142,1,1,8,4,6,1,2,1,21,1,8,22,3,3,1,21,1,247,0,0,0,0,0,0,0,0,0,0,0,0,0,0,0
142,1,1,8,4,6,1,2,1,21,1,8,22,3,3,1,21,1,247,0,0,0,0,0,0,0,0,0,0,0,0,0,0,0
142,1,1,8,4,6,1,2,1,21,1,8,22,3,3,1,21,1,247,0,0,0,0,0,0,0,0,0,0,0,0,0,0,0
142,1,1,8,4,6,1,2,1,21,1,8,22,3,3,1,21,1,247,0,0,0,0,0,0,0,0,0,0,0,0,0,0,0
138,1,1,6,2,6,1,2,1,21,1,8,22,3,3,1,21,1,239,0,0,0,0,0,0,0,0,0,0,0,0,0,0,0
142,1,1,8,4,6,1,2,1,21,1,8,22,3,3,1,21,1,247,0,0,0,0,0,0,0,0,0,0,0,0,0,0,0
142,1,1,8,4,6,1,2,1,21,1,8,22,3,3,1,21,1,247,0,0,0,0,0,0,0,0,0,0,0,0,0,0,0
142,1,1,8,4,6,1,2,1,21,1,8,22,3,3,1,21,1,247,0,0,0,0,0,0,0,0,0,0,0,0,0,0,0
142,1,1,8,4,6,1,2,1,21,1,8,22,3,3,1,21,1,247,0,0,0,0,0,0,0,0,0,0,0,0,0,0,0
142,1,1,8,4,6,1,2,1,21,1,8,22,3,3,1,21,1,247,0,0,0,0,0,0,0,0,0,0,0,0,0,0,0
142,1,1,8,4,6,1,2,1,21,1,8,22,3,3,1,21,1,247,0,0,0,0,0,0,0,0,0,0,0,0,0,0,0
146,1,1,8,4,6,1,2,1,21,1,8,23,3,3,1,23,1,254,0,0,0,0,0,0,0,0,0,0,0,0,0,0,0
146,1,1,8,4,6,1,2,1,21,1,8,23,3,3,1,23,1,254,0,0,0,0,0,0,0,0,0,0,0,0,0,0,0
146,1,1,8,4,6,1,2,1,21,1,8,23,3,3,1,23,1,254,0,0,0,0,0,0,0,0,0,0,0,0,0,0,0
146,1,1,8,4,6,1,2,1,21,1,8,23,3,3,1,23,1,254,0,0,0,0,0,0,0,0,0,0,0,0,0,0,0
146,1,1,8,4,6,1,2,1,21,1,8,23,3,3,1,23,1,254,0,0,0,0,0,0,0,0,0,0,0,0,0,0,0
146,1,1,8,4,6,1,2,1,21,1,8,23,3,3,1,23,1,254,0,0,0,0,0,0,0,0,0,0,0,0,0,0,0
146,1,1,8,4,6,1,2,1,21,1,8,23,3,3,1,23,1,254,0,0,0,0,0,0,0,0,0,0,0,0,0,0,0
146,1,1,8,4,6,1,2,1,21,1,8,23,3,3,1,23,1,254,0,0,0,0,0,0,0,0,0,0,0,0,0,0,0
146,1,1,8,4,6,1,2,1,21,1,8,23,3,3,1,23,1,254,0,0,0,0,0,0,0,0,0,0,0,0,0,0,0
146,1,1,8,4,6,1,2,1,21,1,8,23,3,3,1,23,1,254,0,0,0,0,0,0,0,0,0,0,0,0,0,0,0
148,1,1,9,4,7,1,2,1,21,1,8,23,3,3,1,23,1,258,0,0,0,0,0,0,0,0,0,0,0,0,0,0,0
149,1,1,9,5,7,1,2,1,21,1,8,23,3,3,1,23,1,260,0,0,0,0,0,0,0,0,0,0,0,0,0,0,0
149,1,1,9,5,7,1,2,1,21,1,8,23,3,3,1,23,1,260,0,0,0,0,0,0,0,0,0,0,0,0,0,0,0
149,1,1,9,5,7,1,2,1,21,1,8,23,3,3,1,23,1,260,0,0,0,0,0,0,0,0,0,0,0,0,0,0,0
149,1,1,9,5,7,1,2,1,21,1,8,23,3,3,1,23,1,260,0,0,0,0,0,0,0,0,0,0,0,0,0,0,0
149,1,1,9,5,7,1,2,1,21,1,8,23,3,3,1,23,1,260,0,0,0,0,0,0,0,0,0,0,0,0,0,0,0
149,1,1,9,5,7,1,2,1,21,1,8,23,3,3,1,23,1,260,0,0,0,0,0,0,0,0,0,0,0,0,0,0,0
149,1,1,9,5,7,1,2,1,21,1,8,23,3,3,1,23,1,260,0,0,0,0,0,0,0,0,0,0,0,0,0,0,0
149,1,1,9,5,7,1,2,1,21,1,8,23,3,3,1,23,1,260,0,0,0,0,0,0,0,0,0,0,0,0,0,0,0
149,1,1,9,5,7,1,2,1,21,1,8,23,3,3,1,23,1,260,0,0,0,0,0,0,0,0,0,0,0,0,0,0,0
149,1,1,9,5,7,1,2,1,21,1,8,23,3,3,1,23,1,260,0,0,0,0,0,0,0,0,0,0,0,0,0,0,0
149,1,1,9,5,7,1,2,1,21,1,8,23,3,3,1,23,1,260,0,0,0,0,0,0,0,0,0,0,0,0,0,0,0
149,1,1,9,5,7,1,2,1,21,1,8,23,3,3,1,23,1,260,0,0,0,0,0,0,0,0,0,0,0,0,0,0,0
149,1,1,9,5,7,1,2,1,21,1,8,23,3,3,1,23,1,260,0,0,0,0,0,0,0,0,0,0,0,0,0,0,0
149,1,1,9,5,7,1,2,1,21,1,8,23,3,3,1,23,1,260,0,0,0,0,0,0,0,0,0,0,0,0,0,0,0
149,1,1,9,5,7,1,2,1,21,1,8,23,3,3,1,23,1,260,0,0,0,0,0,0,0,0,0,0,0,0,0,0,0
149,1,1,9,5,7,1,2,1,21,1,8,23,3,3,1,23,1,260,0,0,0,0,0,0,0,0,0,0,0,0,0,0,0
149,1,1,9,5,7,1,2,1,21,1,8,23,3,3,1,23,1,260,0,0,0,0,0,0,0,0,0,0,0,0,0,0,0
149,1,1,9,5,7,1,2,1,21,1,8,23,3,3,1,23,1,260,0,0,0,0,0,0,0,0,0,0,0,0,0,0,0
149,1,1,9,5,7,1,2,1,21,1,8,23,3,3,1,23,1,260,0,0,0,0,0,0,0,0,0,0,0,0,0,0,0
149,1,1,9,5,7,1,2,1,21,1,8,23,3,3,1,23,1,260,0,0,0,0,0,0,0,0,0,0,0,0,0,0,0
149,1,1,9,5,7,1,2,1,21,1,8,23,3,3,1,23,1,260,0,0,0,0,0,0,0,0,0,0,0,0,0,0,0
149,1,1,9,5,7,1,2,1,21,1,8,23,3,3,1,23,1,260,0,0,0,0,0,0,0,0,0,0,0,0,0,0,0
149,1,1,9,5,7,1,2,1,21,1,8,23,3,3,1,23,1,260,0,0,0,0,0,0,0,0,0,0,0,0,0,0,0
149,1,1,9,5,7,1,2,1,21,1,8,23,3,3,1,23,1,260,0,0,0,0,0,0,0,0,0,0,0,0,0,0,0
149,1,1,9,5,7,1,2,1,21,1,8,23,3,3,1,23,1,260,0,0,0,0,0,0,0,0,0,0,0,0,0,0,0
149,1,1,9,5,7,1,2,1,21,1,8,23,3,3,1,23,1,260,0,0,0,0,0,0,0,0,0,0,0,0,0,0,0
149,1,1,9,5,7,1,2,1,21,1,8,23,3,3,1,23,1,260,0,0,0,0,0,0,0,0,0,0,0,0,0,0,0
149,1,1,9,5,7,1,2,1,21,1,8,23,3,3,1,23,1,260,0,0,0,0,0,0,0,0,0,0,0,0,0,0,0
149,1,1,9,5,7,1,2,1,21,1,8,23,3,3,1,23,1,260,0,0,0,0,0,0,0,0,0,0,0,0,0,0,0
149,1,1,9,5,7,1,2,1,21,1,8,23,3,3,1,23,1,260,0,0,0,0,0,0,0,0,0,0,0,0,0,0,0
149,1,1,9,5,7,1,2,1,21,1,8,23,3,3,1,23,1,260,0,0,0,0,0,0,0,0,0,0,0,0,0,0,0
149,1,1,9,5,7,1,2,1,21,1,8,23,3,3,1,23,1,260,0,0,0,0,0,0,0,0,0,0,0,0,0,0,0
149,1,1,9,5,7,1,2,1,21,1,8,23,3,3,1,23,1,260,0,0,0,0,0,0,0,0,0,0,0,0,0,0,0
149,1,1,9,5,7,1,2,1,21,1,8,23,3,3,1,23,1,260,0,0,0,0,0,0,0,0,0,0,0,0,0,0,0
149,1,1,9,5,7,1,2,1,21,1,8,23,3,3,1,23,1,260,0,0,0,0,0,0,0,0,0,0,0,0,0,0,0
149,1,1,9,5,7,1,2,1,21,1,8,23,3,3,1,23,1,260,0,0,0,0,0,0,0,0,0,0,0,0,0,0,0
149,1,1,9,5,7,1,2,1,21,1,8,23,3,3,1,23,1,260,0,0,0,0,0,0,0,0,0,0,0,0,0,0,0
149,1,1,9,5,7,1,2,1,21,1,8,23,3,3,1,23,1,260,0,0,0,0,0,0,0,0,0,0,0,0,0,0,0
149,1,1,9,5,7,1,2,1,21,1,8,23,3,3,1,23,1,260,0,0,0,0,0,0,0,0,0,0,0,0,0,0,0
149,1,1,9,5,7,1,2,1,21,1,8,23,3,3,1,23,1,260,0,0,0,0,0,0,0,0,0,0,0,0,0,0,0
149,1,1,9,5,7,1,2,1,21,1,8,23,3,3,1,23,1,260,0,0,0,0,0,0,0,0,0,0,0,0,0,0,0
149,1,1,9,5,7,1,2,1,21,1,8,23,3,3,1,23,1,260,0,0,0,0,0,0,0,0,0,0,0,0,0,0,0
149,1,1,9,5,7,1,2,1,21,1,8,23,3,3,1,23,1,260,0,0,0,0,0,0,0,0,0,0,0,0,0,0,0
149,1,1,9,5,7,1,2,1,21,1,8,23,3,3,1,23,1,260,0,0,0,0,0,0,0,0,0,0,0,0,0,0,0
149,1,1,9,5,7,1,2,1,21,1,8,23,3,3,1,23,1,260,0,0,0,0,0,0,0,0,0,0,0,0,0,0,0
149,1,1,9,5,7,1,2,1,21,1,8,23,3,3,1,23,1,260,0,0,0,0,0,0,0,0,0,0,0,0,0,0,0
149,1,1,9,5,7,1,2,1,21,1,8,23,3,3,1,23,1,260,0,0,0,0,0,0,0,0,0,0,0,0,0,0,0
149,1,1,9,5,7,1,2,1,21,1,8,23,3,3,1,23,1,260,0,0,0,0,0,0,0,0,0,0,0,0,0,0,0
149,1,1,9,5,7,1,2,1,21,1,8,23,3,3,1,23,1,260,0,0,0,0,0,0,0,0,0,0,0,0,0,0,0
149,1,1,9,5,7,1,2,1,21,1,8,23,3,3,1,23,1,260,0,0,0,0,0,0,0,0,0,0,0,0,0,0,0
149,1,1,9,5,7,1,2,1,21,1,8,23,3,3,1,23,1,260,0,0,0,0,0,0,0,0,0,0,0,0,0,0,0
149,1,1,9,5,7,1,2,1,21,1,8,23,3,3,1,23,1,260,0,0,0,0,0,0,0,0,0,0,0,0,0,0,0
149,1,1,9,5,7,1,2,1,21,1,8,23,3,3,1,23,1,260,0,0,0,0,0,0,0,0,0,0,0,0,0,0,0
149,1,1,9,5,7,1,2,1,21,1,8,23,3,3,1,23,1,260,0,0,0,0,0,0,0,0,0,0,0,0,0,0,0
149,1,1,9,5,7,1,2,1,21,1,8,23,3,3,1,23,1,260,0,0,0,0,0,0,0,0,0,0,0,0,0,0,0
149,1,1,9,5,7,1,2,1,21,1,8,23,3,3,1,23,1,260,0,0,0,0,0,0,0,0,0,0,0,0,0,0,0
149,1,1,9,5,7,1,2,1,21,1,8,23,3,3,1,23,1,260,0,0,0,0,0,0,0,0,0,0,0,0,0,0,0
149,1,1,9,5,7,1,2,1,21,1,8,23,3,3,1,23,1,260,0,0,0,0,0,0,0,0,0,0,0,0,0,0,0
149,1,1,9,5,7,1,2,1,21,1,8,23,3,3,1,23,1,260,0,0,0,0,0,0,0,0,0,0,0,0,0,0,0
149,1,1,9,5,7,1,2,1,21,1,8,23,3,3,1,23,1,260,0,0,0,0,0,0,0,0,0,0,0,0,0,0,0
149,1,1,9,5,7,1,2,1,21,1,8,23,3,3,1,23,1,260,0,0,0,0,0,0,0,0,0,0,0,0,0,0,0
149,1,1,9,5,7,1,2,1,21,1,8,23,3,3,1,23,1,260,0,0,0,0,0,0,0,0,0,0,0,0,0,0,0
149,1,1,9,5,7,1,2,1,21,1,8,23,3,3,1,23,1,260,0,0,0,0,0,0,0,0,0,0,0,0,0,0,0
149,1,1,9,5,7,1,2,1,21,1,8,23,3,3,1,23,1,260,0,0,0,0,0,0,0,0,0,0,0,0,0,0,0
149,1,1,9,5,7,1,2,1,21,1,8,23,3,3,1,23,1,260,0,0,0,0,0,0,0,0,0,0,0,0,0,0,0
149,1,1,9,5,7,1,2,1,21,1,8,23,3,3,1,23,1,260,0,0,0,0,0,0,0,0,0,0,0,0,0,0,0
149,1,1,9,5,7,1,2,1,21,1,8,23,3,3,1,23,1,260,0,0,0,0,0,0,0,0,0,0,0,0,0,0,0
149,1,1,9,5,7,1,2,1,21,1,8,23,3,3,1,23,1,260,0,0,0,0,0,0,0,0,0,0,0,0,0,0,0
149,1,1,9,5,7,1,2,1,21,1,8,23,3,3,1,23,1,260,0,0,0,0,0,0,0,0,0,0,0,0,0,0,0
149,1,1,9,5,7,1,2,1,21,1,8,23,3,3,1,23,1,260,0,0,0,0,0,0,0,0,0,0,0,0,0,0,0
149,1,1,9,5,7,1,2,1,21,1,8,23,3,3,1,23,1,260,0,0,0,0,0,0,0,0,0,0,0,0,0,0,0
149,1,1,9,5,7,1,2,1,21,1,8,23,3,3,1,23,1,260,0,0,0,0,0,0,0,0,0,0,0,0,0,0,0
149,1,1,9,5,7,1,2,1,21,1,8,23,3,3,1,23,1,260,0,0,0,0,0,0,0,0,0,0,0,0,0,0,0
149,1,1,9,5,7,1,2,1,21,1,8,23,3,3,1,23,1,260,0,0,0,0,0,0,0,0,0,0,0,0,0,0,0
149,1,1,9,5,7,1,2,1,21,1,8,23,3,3,1,23,1,260,0,0,0,0,0,0,0,0,0,0,0,0,0,0,0
149,1,1,9,5,7,1,2,1,21,1,8,23,3,3,1,23,1,260,0,0,0,0,0,0,0,0,0,0,0,0,0,0,0
149,1,1,9,5,7,1,2,1,21,1,8,23,3,3,1,23,1,260,0,0,0,0,0,0,0,0,0,0,0,0,0,0,0
149,1,1,9,5,7,1,2,1,21,1,8,23,3,3,1,23,1,260,0,0,0,0,0,0,0,0,0,0,0,0,0,0,0
149,1,1,9,5,7,1,2,1,21,1,8,23,3,3,1,23,1,260,0,0,0,0,0,0,0,0,0,0,0,0,0,0,0
149,1,1,9,5,7,1,2,1,21,1,8,23,3,3,1,23,1,260,0,0,0,0,0,0,0,0,0,0,0,0,0,0,0
149,1,1,9,5,7,1,2,1,21,1,8,23,3,3,1,23,1,260,0,0,0,0,0,0,0,0,0,0,0,0,0,0,0
145,1,1,7,3,7,1,2,1,21,1,8,23,3,3,1,23,1,252,0,0,0,0,0,0,0,0,0,0,0,0,0,0,0
149,1,1,9,5,7,1,2,1,21,1,8,23,3,3,1,23,1,260,0,0,0,0,0,0,0,0,0,0,0,0,0,0,0
116,0,1,5,0,1,1,2,1,7,6,1,12,0,0,0,0,3,192,3,3,6,16,1,4,1,0,0,1,0,0,0,0,0
149,1,1,9,5,7,1,2,1,21,1,8,23,3,3,1,23,1,260,0,0,0,0,0,0,0,0,0,0,0,0,0,0,0
149,1,1,9,5,7,1,2,1,21,1,8,23,3,3,1,23,1,260,0,0,0,0,0,0,0,0,0,0,0,0,0,0,0
149,1,1,9,5,7,1,2,1,21,1,8,23,3,3,1,23,1,260,0,0,0,0,0,0,0,0,0,0,0,0,0,0,0
149,1,1,9,5,7,1,2,1,21,1,8,23,3,3,1,23,1,260,0,0,0,0,0,0,0,0,0,0,0,0,0,0,0
149,1,1,9,5,7,1,2,1,21,1,8,23,3,3,1,23,1,260,0,0,0,0,0,0,0,0,0,0,0,0,0,0,0
149,1,1,9,5,7,1,2,1,21,1,8,23,3,3,1,23,1,260,0,0,0,0,0,0,0,0,0,0,0,0,0,0,0
149,1,1,9,5,7,1,2,1,21,1,8,23,3,3,1,23,1,260,0,0,0,0,0,0,0,0,0,0,0,0,0,0,0
149,1,1,9,5,7,1,2,1,21,1,8,23,3,3,1,23,1,260,0,0,0,0,0,0,0,0,0,0,0,0,0,0,0
149,1,1,9,5,7,1,2,1,21,1,8,23,3,3,1,23,1,260,0,0,0,0,0,0,0,0,0,0,0,0,0,0,0
149,1,1,9,5,7,1,2,1,21,1,8,23,3,3,1,23,1,260,0,0,0,0,0,0,0,0,0,0,0,0,0,0,0
149,1,1,9,5,7,1,2,1,21,1,8,23,3,3,1,23,1,260,0,0,0,0,0,0,0,0,0,0,0,0,0,0,0
151,1,1,9,5,7,1,2,1,21,1,9,24,4,4,1,23,1,266,0,0,0,0,0,0,0,0,0,0,0,0,0,0,0
151,1,1,9,5,7,1,2,1,21,1,9,24,4,4,1,23,1,266,0,0,0,0,0,0,0,0,0,0,0,0,0,0,0
151,1,1,9,5,7,1,2,1,21,1,9,24,4,4,1,23,1,266,0,0,0,0,0,0,0,0,0,0,0,0,0,0,0
151,1,1,9,5,7,1,2,1,21,1,9,24,4,4,1,23,1,266,0,0,0,0,0,0,0,0,0,0,0,0,0,0,0
151,1,1,9,5,7,1,2,1,21,1,9,24,4,4,1,23,1,266,0,0,0,0,0,0,0,0,0,0,0,0,0,0,0
151,1,1,9,5,7,1,2,1,21,1,9,24,4,4,1,23,1,266,0,0,0,0,0,0,0,0,0,0,0,0,0,0,0
151,1,1,9,5,7,1,2,1,21,1,9,24,4,4,1,23,1,266,0,0,0,0,0,0,0,0,0,0,0,0,0,0,0
151,1,1,9,5,7,1,2,1,21,1,9,24,4,4,1,23,1,266,0,0,0,0,0,0,0,0,0,0,0,0,0,0,0
151,1,1,9,5,7,1,2,1,21,1,9,24,4,4,1,23,1,266,0,0,0,0,0,0,0,0,0,0,0,0,0,0,0
151,1,1,9,5,7,1,2,1,21,1,9,24,4,4,1,23,1,266,0,0,0,0,0,0,0,0,0,0,0,0,0,0,0
151,1,1,9,5,7,1,2,1,21,1,9,24,4,4,1,23,1,266,0,0,0,0,0,0,0,0,0,0,0,0,0,0,0
151,1,1,9,5,7,1,2,1,21,1,9,24,4,4,1,23,1,266,0,0,0,0,0,0,0,0,0,0,0,0,0,0,0
151,1,1,9,5,7,1,2,1,21,1,9,24,4,4,1,23,1,266,0,0,0,0,0,0,0,0,0,0,0,0,0,0,0
151,1,1,9,5,7,1,2,1,21,1,9,24,4,4,1,23,1,266,0,0,0,0,0,0,0,0,0,0,0,0,0,0,0
151,1,1,9,5,7,1,2,1,21,1,9,24,4,4,1,23,1,266,0,0,0,0,0,0,0,0,0,0,0,0,0,0,0
151,1,1,9,5,7,1,2,1,21,1,9,24,4,4,1,23,1,266,0,0,0,0,0,0,0,0,0,0,0,0,0,0,0
151,1,1,9,5,7,1,2,1,21,1,9,24,4,4,1,23,1,266,0,0,0,0,0,0,0,0,0,0,0,0,0,0,0
151,1,1,9,5,7,1,2,1,21,1,9,24,4,4,1,23,1,266,0,0,0,0,0,0,0,0,0,0,0,0,0,0,0
151,1,1,9,5,7,1,2,1,21,1,9,24,4,4,1,23,1,266,0,0,0,0,0,0,0,0,0,0,0,0,0,0,0
151,1,1,9,5,7,1,2,1,21,1,9,24,4,4,1,23,1,266,0,0,0,0,0,0,0,0,0,0,0,0,0,0,0
151,1,1,9,5,7,1,2,1,21,1,9,24,4,4,1,23,1,266,0,0,0,0,0,0,0,0,0,0,0,0,0,0,0
152,1,1,9,5,7,1,2,1,21,1,9,25,4,4,1,23,1,268,0,0,0,0,0,0,0,0,0,0,0,0,0,0,0
152,1,1,9,5,7,1,2,1,21,1,9,25,4,4,1,23,1,268,0,0,0,0,0,0,0,0,0,0,0,0,0,0,0
152,1,1,9,5,7,1,2,1,21,1,9,25,4,4,1,23,1,268,0,0,0,0,0,0,0,0,0,0,0,0,0,0,0
152,1,1,9,5,7,1,2,1,21,1,9,25,4,4,1,23,1,268,0,0,0,0,0,0,0,0,0,0,0,0,0,0,0
152,1,1,9,5,7,1,2,1,21,1,9,25,4,4,1,23,1,268,0,0,0,0,0,0,0,0,0,0,0,0,0,0,0
152,1,1,9,5,7,1,2,1,21,1,9,25,4,4,1,23,1,268,0,0,0,0,0,0,0,0,0,0,0,0,0,0,0
152,1,1,9,5,7,1,2,1,21,1,9,25,4,4,1,23,1,268,0,0,0,0,0,0,0,0,0,0,0,0,0,0,0
152,1,1,9,5,7,1,2,1,21,1,9,25,4,4,1,23,1,268,0,0,0,0,0,0,0,0,0,0,0,0,0,0,0
152,1,1,9,5,7,1,2,1,21,1,9,25,4,4,1,23,1,268,0,0,0,0,0,0,0,0,0,0,0,0,0,0,0
152,1,1,9,5,7,1,2,1,21,1,9,25,4,4,1,23,1,268,0,0,0,0,0,0,0,0,0,0,0,0,0,0,0
152,1,1,9,5,7,1,2,1,21,1,9,25,4,4,1,23,1,268,0,0,0,0,0,0,0,0,0,0,0,0,0,0,0
152,1,1,9,5,7,1,2,1,21,1,9,25,4,4,1,23,1,268,0,0,0,0,0,0,0,0,0,0,0,0,0,0,0
152,1,1,9,5,7,1,2,1,21,1,9,25,4,4,1,23,1,268,0,0,0,0,0,0,0,0,0,0,0,0,0,0,0
152,1,1,9,5,7,1,2,1,21,1,9,25,4,4,1,23,1,268,0,0,0,0,0,0,0,0,0,0,0,0,0,0,0
152,1,1,9,5,7,1,2,1,21,1,9,25,4,4,1,23,1,268,0,0,0,0,0,0,0,0,0,0,0,0,0,0,0
152,1,1,9,5,7,1,2,1,21,1,9,25,4,4,1,23,1,268,0,0,0,0,0,0,0,0,0,0,0,0,0,0,0
152,1,1,9,5,7,1,2,1,21,1,9,25,4,4,1,23,1,268,0,0,0,0,0,0,0,0,0,0,0,0,0,0,0
152,1,1,9,5,7,1,2,1,21,1,9,25,4,4,1,23,1,268,0,0,0,0,0,0,0,0,0,0,0,0,0,0,0
152,1,1,9,5,7,1,2,1,21,1,9,25,4,4,1,23,1,268,0,0,0,0,0,0,0,0,0,0,0,0,0,0,0
152,1,1,9,5,7,1,2,1,21,1,9,25,4,4,1,23,1,268,0,0,0,0,0,0,0,0,0,0,0,0,0,0,0
152,1,1,9,5,7,1,2,1,21,1,9,25,4,4,1,23,1,268,0,0,0,0,0,0,0,0,0,0,0,0,0,0,0
152,1,1,9,5,7,1,2,1,21,1,9,25,4,4,1,23,1,268,0,0,0,0,0,0,0,0,0,0,0,0,0,0,0
152,1,1,9,5,7,1,2,1,21,1,9,25,4,4,1,23,1,268,0,0,0,0,0,0,0,0,0,0,0,0,0,0,0
152,1,1,9,5,7,1,2,1,21,1,9,25,4,4,1,23,1,268,0,0,0,0,0,0,0,0,0,0,0,0,0,0,0
152,1,1,9,5,7,1,2,1,21,1,9,25,4,4,1,23,1,268,0,0,0,0,0,0,0,0,0,0,0,0,0,0,0
152,1,1,9,5,7,1,2,1,21,1,9,25,4,4,1,23,1,268,0,0,0,0,0,0,0,0,0,0,0,0,0,0,0
152,1,1,9,5,7,1,2,1,21,1,9,25,4,4,1,23,1,268,0,0,0,0,0,0,0,0,0,0,0,0,0,0,0
152,1,1,9,5,7,1,2,1,21,1,9,25,4,4,1,23,1,268,0,0,0,0,0,0,0,0,0,0,0,0,0,0,0
152,1,1,9,5,7,1,2,1,21,1,9,25,4,4,1,23,1,268,0,0,0,0,0,0,0,0,0,0,0,0,0,0,0
152,1,1,9,5,7,1,2,1,21,1,9,25,4,4,1,23,1,268,0,0,0,0,0,0,0,0,0,0,0,0,0,0,0
152,1,1,9,5,7,1,2,1,21,1,9,25,4,4,1,23,1,268,0,0,0,0,0,0,0,0,0,0,0,0,0,0,0
152,1,1,9,5,7,1,2,1,21,1,9,25,4,4,1,23,1,268,0,0,0,0,0,0,0,0,0,0,0,0,0,0,0
152,1,1,9,5,7,1,2,1,21,1,9,25,4,4,1,23,1,268,0,0,0,0,0,0,0,0,0,0,0,0,0,0,0
152,1,1,9,5,7,1,2,1,21,1,9,25,4,4,1,23,1,268,0,0,0,0,0,0,0,0,0,0,0,0,0,0,0
152,1,1,9,5,7,1,2,1,21,1,9,25,4,4,1,23,1,268,0,0,0,0,0,0,0,0,0,0,0,0,0,0,0
152,1,1,9,5,7,1,2,1,21,1,9,25,4,4,1,23,1,268,0,0,0,0,0,0,0,0,0,0,0,0,0,0,0
152,1,1,9,5,7,1,2,1,21,1,9,25,4,4,1,23,1,268,0,0,0,0,0,0,0,0,0,0,0,0,0,0,0
152,1,1,9,5,7,1,2,1,21,1,9,25,4,4,1,23,1,268,0,0,0,0,0,0,0,0,0,0,0,0,0,0,0
152,1,1,9,5,7,1,2,1,21,1,9,25,4,4,1,23,1,268,0,0,0,0,0,0,0,0,0,0,0,0,0,0,0
148,1,1,7,3,7,1,2,1,21,1,9,25,4,4,1,23,1,260,0,0,0,0,0,0,0,0,0,0,0,0,0,0,0
148,1,1,7,3,7,1,2,1,21,1,9,25,4,4,1,23,1,260,0,0,0,0,0,0,0,0,0,0,0,0,0,0,0
152,1,1,9,5,7,1,2,1,21,1,9,25,4,4,1,23,1,268,0,0,0,0,0,0,0,0,0,0,0,0,0,0,0
148,1,1,7,3,7,1,2,1,21,1,9,25,4,4,1,23,1,260,0,0,0,0,0,0,0,0,0,0,0,0,0,0,0
148,1,1,7,3,7,1,2,1,21,1,9,25,4,4,1,23,1,260,0,0,0,0,0,0,0,0,0,0,0,0,0,0,0
148,1,1,7,3,7,1,2,1,21,1,9,25,4,4,1,23,1,260,0,0,0,0,0,0,0,0,0,0,0,0,0,0,0
148,1,1,7,3,7,1,2,1,21,1,9,25,4,4,1,23,1,260,0,0,0,0,0,0,0,0,0,0,0,0,0,0,0
148,1,1,7,3,7,1,2,1,21,1,9,25,4,4,1,23,1,260,0,0,0,0,0,0,0,0,0,0,0,0,0,0,0
148,1,1,7,3,7,1,2,1,21,1,9,25,4,4,1,23,1,260,0,0,0,0,0,0,0,0,0,0,0,0,0,0,0
148,1,1,7,3,7,1,2,1,21,1,9,25,4,4,1,23,1,260,0,0,0,0,0,0,0,0,0,0,0,0,0,0,0
152,1,1,9,5,7,1,2,1,21,1,9,25,4,4,1,23,1,268,0,0,0,0,0,0,0,0,0,0,0,0,0,0,0
152,1,1,9,5,7,1,2,1,21,1,9,25,4,4,1,23,1,268,0,0,0,0,0,0,0,0,0,0,0,0,0,0,0
152,1,1,9,5,7,1,2,1,21,1,9,25,4,4,1,23,1,268,0,0,0,0,0,0,0,0,0,0,0,0,0,0,0
152,1,1,9,5,7,1,2,1,21,1,9,25,4,4,1,23,1,268,0,0,0,0,0,0,0,0,0,0,0,0,0,0,0
152,1,1,9,5,7,1,2,1,21,1,9,25,4,4,1,23,1,268,0,0,0,0,0,0,0,0,0,0,0,0,0,0,0
152,1,1,9,5,7,1,2,1,21,1,9,25,4,4,1,23,1,268,0,0,0,0,0,0,0,0,0,0,0,0,0,0,0
152,1,1,9,5,7,1,2,1,21,1,9,25,4,4,1,23,1,268,0,0,0,0,0,0,0,0,0,0,0,0,0,0,0
152,1,1,9,5,7,1,2,1,21,1,9,25,4,4,1,23,1,268,0,0,0,0,0,0,0,0,0,0,0,0,0,0,0
148,1,1,7,3,7,1,2,1,21,1,9,25,4,4,1,23,1,260,0,0,0,0,0,0,0,0,0,0,0,0,0,0,0
152,1,1,9,5,7,1,2,1,21,1,9,25,4,4,1,23,1,268,0,0,0,0,0,0,0,0,0,0,0,0,0,0,0
152,1,1,9,5,7,1,2,1,21,1,9,25,4,4,1,23,1,268,0,0,0,0,0,0,0,0,0,0,0,0,0,0,0
152,1,1,9,5,7,1,2,1,21,1,9,25,4,4,1,23,1,268,0,0,0,0,0,0,0,0,0,0,0,0,0,0,0
152,1,1,9,5,7,1,2,1,21,1,9,25,4,4,1,23,1,268,0,0,0,0,0,0,0,0,0,0,0,0,0,0,0
152,1,1,9,5,7,1,2,1,21,1,9,25,4,4,1,23,1,268,0,0,0,0,0,0,0,0,0,0,0,0,0,0,0
152,1,1,9,5,7,1,2,1,21,1,9,25,4,4,1,23,1,268,0,0,0,0,0,0,0,0,0,0,0,0,0,0,0
152,1,1,9,5,7,1,2,1,21,1,9,25,4,4,1,23,1,268,0,0,0,0,0,0,0,0,0,0,0,0,0,0,0
152,1,1,9,5,7,1,2,1,21,1,9,25,4,4,1,23,1,268,0,0,0,0,0,0,0,0,0,0,0,0,0,0,0
152,1,1,9,5,7,1,2,1,21,1,9,25,4,4,1,23,1,268,0,0,0,0,0,0,0,0,0,0,0,0,0,0,0
152,1,1,9,5,7,1,2,1,21,1,9,25,4,4,1,23,1,268,0,0,0,0,0,0,0,0,0,0,0,0,0,0,0
152,1,1,9,5,7,1,2,1,21,1,9,25,4,4,1,23,1,268,0,0,0,0,0,0,0,0,0,0,0,0,0,0,0
152,1,1,9,5,7,1,2,1,21,1,9,25,4,4,1,23,1,268,0,0,0,0,0,0,0,0,0,0,0,0,0,0,0
148,1,1,7,3,7,1,2,1,21,1,9,25,4,4,1,23,1,260,0,0,0,0,0,0,0,0,0,0,0,0,0,0,0
152,1,1,9,5,7,1,2,1,21,1,9,25,4,4,1,23,1,268,0,0,0,0,0,0,0,0,0,0,0,0,0,0,0
148,1,1,7,3,7,1,2,1,21,1,9,25,4,4,1,23,1,260,0,0,0,0,0,0,0,0,0,0,0,0,0,0,0
148,1,1,7,3,7,1,2,1,21,1,9,25,4,4,1,23,1,260,0,0,0,0,0,0,0,0,0,0,0,0,0,0,0
152,1,1,9,5,7,1,2,1,21,1,9,25,4,4,1,23,1,268,0,0,0,0,0,0,0,0,0,0,0,0,0,0,0
148,1,1,7,3,7,1,2,1,21,1,9,25,4,4,1,23,1,260,0,0,0,0,0,0,0,0,0,0,0,0,0,0,0
148,1,1,7,3,7,1,2,1,21,1,9,25,4,4,1,23,1,260,0,0,0,0,0,0,0,0,0,0,0,0,0,0,0
152,1,1,9,5,7,1,2,1,21,1,9,25,4,4,1,23,1,268,0,0,0,0,0,0,0,0,0,0,0,0,0,0,0
148,1,1,7,3,7,1,2,1,21,1,9,25,4,4,1,23,1,260,0,0,0,0,0,0,0,0,0,0,0,0,0,0,0
148,1,1,7,3,7,1,2,1,21,1,9,25,4,4,1,23,1,260,0,0,0,0,0,0,0,0,0,0,0,0,0,0,0
152,1,1,9,5,7,1,2,1,21,1,9,25,4,4,1,23,1,268,0,0,0,0,0,0,0,0,0,0,0,0,0,0,0
148,1,1,7,3,7,1,2,1,21,1,9,25,4,4,1,23,1,260,0,0,0,0,0,0,0,0,0,0,0,0,0,0,0
152,1,1,9,5,7,1,2,1,21,1,9,25,4,4,1,23,1,268,0,0,0,0,0,0,0,0,0,0,0,0,0,0,0
152,1,1,9,5,7,1,2,1,21,1,9,25,4,4,1,23,1,268,0,0,0,0,0,0,0,0,0,0,0,0,0,0,0
148,1,1,7,3,7,1,2,1,21,1,9,25,4,4,1,23,1,260,0,0,0,0,0,0,0,0,0,0,0,0,0,0,0
152,1,1,9,5,7,1,2,1,21,1,9,25,4,4,1,23,1,268,0,0,0,0,0,0,0,0,0,0,0,0,0,0,0
152,1,1,9,5,7,1,2,1,21,1,9,25,4,4,1,23,1,268,0,0,0,0,0,0,0,0,0,0,0,0,0,0,0
152,1,1,9,5,7,1,2,1,21,1,9,25,4,4,1,23,1,268,0,0,0,0,0,0,0,0,0,0,0,0,0,0,0
152,1,1,9,5,7,1,2,1,21,1,9,25,4,4,1,23,1,268,0,0,0,0,0,0,0,0,0,0,0,0,0,0,0
152,1,1,9,5,7,1,2,1,21,1,9,25,4,4,1,23,1,268,0,0,0,0,0,0,0,0,0,0,0,0,0,0,0
152,1,1,9,5,7,1,2,1,21,1,9,25,4,4,1,23,1,268,0,0,0,0,0,0,0,0,0,0,0,0,0,0,0
152,1,1,9,5,7,1,2,1,21,1,9,25,4,4,1,23,1,268,0,0,0,0,0,0,0,0,0,0,0,0,0,0,0
152,1,1,9,5,7,1,2,1,21,1,9,25,4,4,1,23,1,268,0,0,0,0,0,0,0,0,0,0,0,0,0,0,0
152,1,1,9,5,7,1,2,1,21,1,9,25,4,4,1,23,1,268,0,0,0,0,0,0,0,0,0,0,0,0,0,0,0
152,1,1,9,5,7,1,2,1,21,1,9,25,4,4,1,23,1,268,0,0,0,0,0,0,0,0,0,0,0,0,0,0,0
152,1,1,9,5,7,1,2,1,21,1,9,25,4,4,1,23,1,268,0,0,0,0,0,0,0,0,0,0,0,0,0,0,0
152,1,1,9,5,7,1,2,1,21,1,9,25,4,4,1,23,1,268,0,0,0,0,0,0,0,0,0,0,0,0,0,0,0
152,1,1,9,5,7,1,2,1,21,1,9,25,4,4,1,23,1,268,0,0,0,0,0,0,0,0,0,0,0,0,0,0,0
152,1,1,9,5,7,1,2,1,21,1,9,25,4,4,1,23,1,268,0,0,0,0,0,0,0,0,0,0,0,0,0,0,0
152,1,1,9,5,7,1,2,1,21,1,9,25,4,4,1,23,1,268,0,0,0,0,0,0,0,0,0,0,0,0,0,0,0
152,1,1,9,5,7,1,2,1,21,1,9,25,4,4,1,23,1,268,0,0,0,0,0,0,0,0,0,0,0,0,0,0,0
152,1,1,9,5,7,1,2,1,21,1,9,25,4,4,1,23,1,268,0,0,0,0,0,0,0,0,0,0,0,0,0,0,0
152,1,1,9,5,7,1,2,1,21,1,9,25,4,4,1,23,1,268,0,0,0,0,0,0,0,0,0,0,0,0,0,0,0
152,1,1,9,5,7,1,2,1,21,1,9,25,4,4,1,23,1,268,0,0,0,0,0,0,0,0,0,0,0,0,0,0,0
152,1,1,9,5,7,1,2,1,21,1,9,25,4,4,1,23,1,268,0,0,0,0,0,0,0,0,0,0,0,0,0,0,0
152,1,1,9,5,7,1,2,1,21,1,9,25,4,4,1,23,1,268,0,0,0,0,0,0,0,0,0,0,0,0,0,0,0
152,1,1,9,5,7,1,2,1,21,1,9,25,4,4,1,23,1,268,0,0,0,0,0,0,0,0,0,0,0,0,0,0,0
152,1,1,9,5,7,1,2,1,21,1,9,25,4,4,1,23,1,268,0,0,0,0,0,0,0,0,0,0,0,0,0,0,0
152,1,1,9,5,7,1,2,1,21,1,9,25,4,4,1,23,1,268,0,0,0,0,0,0,0,0,0,0,0,0,0,0,0
152,1,1,9,5,7,1,2,1,21,1,9,25,4,4,1,23,1,268,0,0,0,0,0,0,0,0,0,0,0,0,0,0,0
148,1,1,7,3,7,1,2,1,21,1,9,25,4,4,1,23,1,260,0,0,0,0,0,0,0,0,0,0,0,0,0,0,0
152,1,1,9,5,7,1,2,1,21,1,9,25,4,4,1,23,1,268,0,0,0,0,0,0,0,0,0,0,0,0,0,0,0
152,1,1,9,5,7,1,2,1,21,1,9,25,4,4,1,23,1,268,0,0,0,0,0,0,0,0,0,0,0,0,0,0,0
152,1,1,9,5,7,1,2,1,21,1,9,25,4,4,1,23,1,268,0,0,0,0,0,0,0,0,0,0,0,0,0,0,0
152,1,1,9,5,7,1,2,1,21,1,9,25,4,4,1,23,1,268,0,0,0,0,0,0,0,0,0,0,0,0,0,0,0
152,1,1,9,5,7,1,2,1,21,1,9,25,4,4,1,23,1,268,0,0,0,0,0,0,0,0,0,0,0,0,0,0,0
152,1,1,9,5,7,1,2,1,21,1,9,25,4,4,1,23,1,268,0,0,0,0,0,0,0,0,0,0,0,0,0,0,0
152,1,1,9,5,7,1,2,1,21,1,9,25,4,4,1,23,1,268,0,0,0,0,0,0,0,0,0,0,0,0,0,0,0
152,1,1,9,5,7,1,2,1,21,1,9,25,4,4,1,23,1,268,0,0,0,0,0,0,0,0,0,0,0,0,0,0,0
152,1,1,9,5,7,1,2,1,21,1,9,25,4,4,1,23,1,268,0,0,0,0,0,0,0,0,0,0,0,0,0,0,0
152,1,1,9,5,7,1,2,1,21,1,9,25,4,4,1,23,1,268,0,0,0,0,0,0,0,0,0,0,0,0,0,0,0
152,1,1,9,5,7,1,2,1,21,1,9,25,4,4,1,23,1,268,0,0,0,0,0,0,0,0,0,0,0,0,0,0,0
152,1,1,9,5,7,1,2,1,21,1,9,25,4,4,1,23,1,268,0,0,0,0,0,0,0,0,0,0,0,0,0,0,0
152,1,1,9,5,7,1,2,1,21,1,9,25,4,4,1,23,1,268,0,0,0,0,0,0,0,0,0,0,0,0,0,0,0
152,1,1,9,5,7,1,2,1,21,1,9,25,4,4,1,23,1,268,0,0,0,0,0,0,0,0,0,0,0,0,0,0,0
152,1,1,9,5,7,1,2,1,21,1,9,25,4,4,1,23,1,268,0,0,0,0,0,0,0,0,0,0,0,0,0,0,0
148,1,1,7,3,7,1,2,1,21,1,9,25,4,4,1,23,1,260,0,0,0,0,0,0,0,0,0,0,0,0,0,0,0
152,1,1,9,5,7,1,2,1,21,1,9,25,4,4,1,23,1,268,0,0,0,0,0,0,0,0,0,0,0,0,0,0,0
152,1,1,9,5,7,1,2,1,21,1,9,25,4,4,1,23,1,268,0,0,0,0,0,0,0,0,0,0,0,0,0,0,0
152,1,1,9,5,7,1,2,1,21,1,9,25,4,4,1,23,1,268,0,0,0,0,0,0,0,0,0,0,0,0,0,0,0
152,1,1,9,5,7,1,2,1,21,1,9,25,4,4,1,23,1,268,0,0,0,0,0,0,0,0,0,0,0,0,0,0,0
152,1,1,9,5,7,1,2,1,21,1,9,25,4,4,1,23,1,268,0,0,0,0,0,0,0,0,0,0,0,0,0,0,0
152,1,1,9,5,7,1,2,1,21,1,9,25,4,4,1,23,1,268,0,0,0,0,0,0,0,0,0,0,0,0,0,0,0
152,1,1,9,5,7,1,2,1,21,1,9,25,4,4,1,23,1,268,0,0,0,0,0,0,0,0,0,0,0,0,0,0,0
152,1,1,9,5,7,1,2,1,21,1,9,25,4,4,1,23,1,268,0,0,0,0,0,0,0,0,0,0,0,0,0,0,0
152,1,1,9,5,7,1,2,1,21,1,9,25,4,4,1,23,1,268,0,0,0,0,0,0,0,0,0,0,0,0,0,0,0
152,1,1,9,5,7,1,2,1,21,1,9,25,4,4,1,23,1,268,0,0,0,0,0,0,0,0,0,0,0,0,0,0,0
152,1,1,9,5,7,1,2,1,21,1,9,25,4,4,1,23,1,268,0,0,0,0,0,0,0,0,0,0,0,0,0,0,0
152,1,1,9,5,7,1,2,1,21,1,9,25,4,4,1,23,1,268,0,0,0,0,0,0,0,0,0,0,0,0,0,0,0
152,1,1,9,5,7,1,2,1,21,1,9,25,4,4,1,23,1,268,0,0,0,0,0,0,0,0,0,0,0,0,0,0,0
152,1,1,9,5,7,1,2,1,21,1,9,25,4,4,1,23,1,268,0,0,0,0,0,0,0,0,0,0,0,0,0,0,0
152,1,1,9,5,7,1,2,1,21,1,9,25,4,4,1,23,1,268,0,0,0,0,0,0,0,0,0,0,0,0,0,0,0
152,1,1,9,5,7,1,2,1,21,1,9,25,4,4,1,23,1,268,0,0,0,0,0,0,0,0,0,0,0,0,0,0,0
152,1,1,9,5,7,1,2,1,21,1,9,25,4,4,1,23,1,268,0,0,0,0,0,0,0,0,0,0,0,0,0,0,0
152,1,1,9,5,7,1,2,1,21,1,9,25,4,4,1,23,1,268,0,0,0,0,0,0,0,0,0,0,0,0,0,0,0
152,1,1,9,5,7,1,2,1,21,1,9,25,4,4,1,23,1,268,0,0,0,0,0,0,0,0,0,0,0,0,0,0,0
152,1,1,9,5,7,1,2,1,21,1,9,25,4,4,1,23,1,268,0,0,0,0,0,0,0,0,0,0,0,0,0,0,0
152,1,1,9,5,7,1,2,1,21,1,9,25,4,4,1,23,1,268,0,0,0,0,0,0,0,0,0,0,0,0,0,0,0
152,1,1,9,5,7,1,2,1,21,1,9,25,4,4,1,23,1,268,0,0,0,0,0,0,0,0,0,0,0,0,0,0,0
152,1,1,9,5,7,1,2,1,21,1,9,25,4,4,1,23,1,268,0,0,0,0,0,0,0,0,0,0,0,0,0,0,0
152,1,1,9,5,7,1,2,1,21,1,9,25,4,4,1,23,1,268,0,0,0,0,0,0,0,0,0,0,0,0,0,0,0
152,1,1,9,5,7,1,2,1,21,1,9,25,4,4,1,23,1,268,0,0,0,0,0,0,0,0,0,0,0,0,0,0,0
152,1,1,9,5,7,1,2,1,21,1,9,25,4,4,1,23,1,268,0,0,0,0,0,0,0,0,0,0,0,0,0,0,0
152,1,1,9,5,7,1,2,1,21,1,9,25,4,4,1,23,1,268,0,0,0,0,0,0,0,0,0,0,0,0,0,0,0
190,1,1,13,3,7,1,4,1,30,1,11,28,4,4,1,23,1,326,0,0,0,0,0,0,0,2,0,0,0,0,0,0,0
152,1,1,9,5,7,1,2,1,21,1,9,25,4,4,1,23,1,268,0,0,0,0,0,0,0,0,0,0,0,0,0,0,0
152,1,1,9,5,7,1,2,1,21,1,9,25,4,4,1,23,1,268,0,0,0,0,0,0,0,0,0,0,0,0,0,0,0
152,1,1,9,5,7,1,2,1,21,1,9,25,4,4,1,23,1,268,0,0,0,0,0,0,0,0,0,0,0,0,0,0,0
152,1,1,9,5,7,1,2,1,21,1,9,25,4,4,1,23,1,268,0,0,0,0,0,0,0,0,0,0,0,0,0,0,0
152,1,1,9,5,7,1,2,1,21,1,9,25,4,4,1,23,1,268,0,0,0,0,0,0,0,0,0,0,0,0,0,0,0
190,1,1,13,3,7,1,4,1,30,1,11,28,4,4,1,23,1,326,0,0,0,0,0,0,0,2,0,0,0,0,0,0,0
152,1,1,9,5,7,1,2,1,21,1,9,25,4,4,1,23,1,268,0,0,0,0,0,0,0,0,0,0,0,0,0,0,0
152,1,1,9,5,7,1,2,1,21,1,9,25,4,4,1,23,1,268,0,0,0,0,0,0,0,0,0,0,0,0,0,0,0
152,1,1,9,5,7,1,2,1,21,1,9,25,4,4,1,23,1,268,0,0,0,0,0,0,0,0,0,0,0,0,0,0,0
152,1,1,9,5,7,1,2,1,21,1,9,25,4,4,1,23,1,268,0,0,0,0,0,0,0,0,0,0,0,0,0,0,0
152,1,1,9,5,7,1,2,1,21,1,9,25,4,4,1,23,1,268,0,0,0,0,0,0,0,0,0,0,0,0,0,0,0
152,1,1,9,5,7,1,2,1,21,1,9,25,4,4,1,23,1,268,0,0,0,0,0,0,0,0,0,0,0,0,0,0,0
152,1,1,9,5,7,1,2,1,21,1,9,25,4,4,1,23,1,268,0,0,0,0,0,0,0,0,0,0,0,0,0,0,0
152,1,1,9,5,7,1,2,1,21,1,9,25,4,4,1,23,1,268,0,0,0,0,0,0,0,0,0,0,0,0,0,0,0
152,1,1,9,5,7,1,2,1,21,1,9,25,4,4,1,23,1,268,0,0,0,0,0,0,0,0,0,0,0,0,0,0,0
152,1,1,9,5,7,1,2,1,21,1,9,25,4,4,1,23,1,268,0,0,0,0,0,0,0,0,0,0,0,0,0,0,0
190,1,1,13,3,7,1,4,1,30,1,11,28,4,4,1,23,1,326,0,0,0,0,0,0,0,2,0,0,0,0,0,0,0
152,1,1,9,5,7,1,2,1,21,1,9,25,4,4,1,23,1,268,0,0,0,0,0,0,0,0,0,0,0,0,0,0,0
152,1,1,9,5,7,1,2,1,21,1,9,25,4,4,1,23,1,268,0,0,0,0,0,0,0,0,0,0,0,0,0,0,0
152,1,1,9,5,7,1,2,1,21,1,9,25,4,4,1,23,1,268,0,0,0,0,0,0,0,0,0,0,0,0,0,0,0
152,1,1,9,5,7,1,2,1,21,1,9,25,4,4,1,23,1,268,0,0,0,0,0,0,0,0,0,0,0,0,0,0,0
152,1,1,9,5,7,1,2,1,21,1,9,25,4,4,1,23,1,268,0,0,0,0,0,0,0,0,0,0,0,0,0,0,0
152,1,1,9,5,7,1,2,1,21,1,9,25,4,4,1,23,1,268,0,0,0,0,0,0,0,0,0,0,0,0,0,0,0
152,1,1,9,5,7,1,2,1,21,1,9,25,4,4,1,23,1,268,0,0,0,0,0,0,0,0,0,0,0,0,0,0,0
152,1,1,9,5,7,1,2,1,21,1,9,25,4,4,1,23,1,268,0,0,0,0,0,0,0,0,0,0,0,0,0,0,0
152,1,1,9,5,7,1,2,1,21,1,9,25,4,4,1,23,1,268,0,0,0,0,0,0,0,0,0,0,0,0,0,0,0
152,1,1,9,5,7,1,2,1,21,1,9,25,4,4,1,23,1,268,0,0,0,0,0,0,0,0,0,0,0,0,0,0,0
190,1,1,13,3,7,1,4,1,30,1,11,28,4,4,1,23,1,326,0,0,0,0,0,0,0,2,0,0,0,0,0,0,0
190,1,1,13,3,7,1,4,1,30,1,11,28,4,4,1,23,1,326,0,0,0,0,0,0,0,2,0,0,0,0,0,0,0
152,1,1,9,5,7,1,2,1,21,1,9,25,4,4,1,23,1,268,0,0,0,0,0,0,0,0,0,0,0,0,0,0,0
152,1,1,9,5,7,1,2,1,21,1,9,25,4,4,1,23,1,268,0,0,0,0,0,0,0,0,0,0,0,0,0,0,0
190,1,1,13,3,7,1,4,1,30,1,11,28,4,4,1,23,1,326,0,0,0,0,0,0,0,2,0,0,0,0,0,0,0
152,1,1,9,5,7,1,2,1,21,1,9,25,4,4,1,23,1,268,0,0,0,0,0,0,0,0,0,0,0,0,0,0,0
152,1,1,9,5,7,1,2,1,21,1,9,25,4,4,1,23,1,268,0,0,0,0,0,0,0,0,0,0,0,0,0,0,0
152,1,1,9,5,7,1,2,1,21,1,9,25,4,4,1,23,1,268,0,0,0,0,0,0,0,0,0,0,0,0,0,0,0
152,1,1,9,5,7,1,2,1,21,1,9,25,4,4,1,23,1,268,0,0,0,0,0,0,0,0,0,0,0,0,0,0,0
152,1,1,9,5,7,1,2,1,21,1,9,25,4,4,1,23,1,268,0,0,0,0,0,0,0,0,0,0,0,0,0,0,0
152,1,1,9,5,7,1,2,1,21,1,9,25,4,4,1,23,1,268,0,0,0,0,0,0,0,0,0,0,0,0,0,0,0
152,1,1,9,5,7,1,2,1,21,1,9,25,4,4,1,23,1,268,0,0,0,0,0,0,0,0,0,0,0,0,0,0,0
152,1,1,9,5,7,1,2,1,21,1,9,25,4,4,1,23,1,268,0,0,0,0,0,0,0,0,0,0,0,0,0,0,0
152,1,1,9,5,7,1,2,1,21,1,9,25,4,4,1,23,1,268,0,0,0,0,0,0,0,0,0,0,0,0,0,0,0
190,1,1,13,3,7,1,4,1,30,1,11,28,4,4,1,23,1,326,0,0,0,0,0,0,0,2,0,0,0,0,0,0,0
152,1,1,9,5,7,1,2,1,21,1,9,25,4,4,1,23,1,268,0,0,0,0,0,0,0,0,0,0,0,0,0,0,0
116,0,1,5,0,1,1,2,1,7,6,1,12,0,0,0,0,3,192,3,3,6,16,1,4,1,0,0,1,0,0,0,0,0
190,1,1,13,3,7,1,4,1,30,1,11,28,4,4,1,23,1,326,0,0,0,0,0,0,0,2,0,0,0,0,0,0,0
190,1,1,13,3,7,1,4,1,30,1,11,28,4,4,1,23,1,326,0,0,0,0,0,0,0,2,0,0,0,0,0,0,0
152,1,1,9,5,7,1,2,1,21,1,9,25,4,4,1,23,1,268,0,0,0,0,0,0,0,0,0,0,0,0,0,0,0
152,1,1,9,5,7,1,2,1,21,1,9,25,4,4,1,23,1,268,0,0,0,0,0,0,0,0,0,0,0,0,0,0,0
152,1,1,9,5,7,1,2,1,21,1,9,25,4,4,1,23,1,268,0,0,0,0,0,0,0,0,0,0,0,0,0,0,0
190,1,1,13,3,7,1,4,1,30,1,11,28,4,4,1,23,1,326,0,0,0,0,0,0,0,2,0,0,0,0,0,0,0
152,1,1,9,5,7,1,2,1,21,1,9,25,4,4,1,23,1,268,0,0,0,0,0,0,0,0,0,0,0,0,0,0,0
152,1,1,9,5,7,1,2,1,21,1,9,25,4,4,1,23,1,268,0,0,0,0,0,0,0,0,0,0,0,0,0,0,0
152,1,1,9,5,7,1,2,1,21,1,9,25,4,4,1,23,1,268,0,0,0,0,0,0,0,0,0,0,0,0,0,0,0
152,1,1,9,5,7,1,2,1,21,1,9,25,4,4,1,23,1,268,0,0,0,0,0,0,0,0,0,0,0,0,0,0,0
152,1,1,9,5,7,1,2,1,21,1,9,25,4,4,1,23,1,268,0,0,0,0,0,0,0,0,0,0,0,0,0,0,0
152,1,1,9,5,7,1,2,1,21,1,9,25,4,4,1,23,1,268,0,0,0,0,0,0,0,0,0,0,0,0,0,0,0
152,1,1,9,5,7,1,2,1,21,1,9,25,4,4,1,23,1,268,0,0,0,0,0,0,0,0,0,0,0,0,0,0,0
152,1,1,9,5,7,1,2,1,21,1,9,25,4,4,1,23,1,268,0,0,0,0,0,0,0,0,0,0,0,0,0,0,0
152,1,1,9,5,7,1,2,1,21,1,9,25,4,4,1,23,1,268,0,0,0,0,0,0,0,0,0,0,0,0,0,0,0
152,1,1,9,5,7,1,2,1,21,1,9,25,4,4,1,23,1,268,0,0,0,0,0,0,0,0,0,0,0,0,0,0,0
152,1,1,9,5,7,1,2,1,21,1,9,25,4,4,1,23,1,268,0,0,0,0,0,0,0,0,0,0,0,0,0,0,0
152,1,1,9,5,7,1,2,1,21,1,9,25,4,4,1,23,1,268,0,0,0,0,0,0,0,0,0,0,0,0,0,0,0
148,1,1,7,3,7,1,2,1,21,1,9,25,4,4,1,23,1,260,0,0,0,0,0,0,0,0,0,0,0,0,0,0,0
152,1,1,9,5,7,1,2,1,21,1,9,25,4,4,1,23,1,268,0,0,0,0,0,0,0,0,0,0,0,0,0,0,0
152,1,1,9,5,7,1,2,1,21,1,9,25,4,4,1,23,1,268,0,0,0,0,0,0,0,0,0,0,0,0,0,0,0
190,1,1,13,3,7,1,4,1,30,1,11,28,4,4,1,23,1,326,0,0,0,0,0,0,0,2,0,0,0,0,0,0,0
152,1,1,9,5,7,1,2,1,21,1,9,25,4,4,1,23,1,268,0,0,0,0,0,0,0,0,0,0,0,0,0,0,0
152,1,1,9,5,7,1,2,1,21,1,9,25,4,4,1,23,1,268,0,0,0,0,0,0,0,0,0,0,0,0,0,0,0
152,1,1,9,5,7,1,2,1,21,1,9,25,4,4,1,23,1,268,0,0,0,0,0,0,0,0,0,0,0,0,0,0,0
152,1,1,9,5,7,1,2,1,21,1,9,25,4,4,1,23,1,268,0,0,0,0,0,0,0,0,0,0,0,0,0,0,0
152,1,1,9,5,7,1,2,1,21,1,9,25,4,4,1,23,1,268,0,0,0,0,0,0,0,0,0,0,0,0,0,0,0
152,1,1,9,5,7,1,2,1,21,1,9,25,4,4,1,23,1,268,0,0,0,0,0,0,0,0,0,0,0,0,0,0,0
152,1,1,9,5,7,1,2,1,21,1,9,25,4,4,1,23,1,268,0,0,0,0,0,0,0,0,0,0,0,0,0,0,0
152,1,1,9,5,7,1,2,1,21,1,9,25,4,4,1,23,1,268,0,0,0,0,0,0,0,0,0,0,0,0,0,0,0
152,1,1,9,5,7,1,2,1,21,1,9,25,4,4,1,23,1,268,0,0,0,0,0,0,0,0,0,0,0,0,0,0,0
152,1,1,9,5,7,1,2,1,21,1,9,25,4,4,1,23,1,268,0,0,0,0,0,0,0,0,0,0,0,0,0,0,0
152,1,1,9,5,7,1,2,1,21,1,9,25,4,4,1,23,1,268,0,0,0,0,0,0,0,0,0,0,0,0,0,0,0
152,1,1,9,5,7,1,2,1,21,1,9,25,4,4,1,23,1,268,0,0,0,0,0,0,0,0,0,0,0,0,0,0,0
152,1,1,9,5,7,1,2,1,21,1,9,25,4,4,1,23,1,268,0,0,0,0,0,0,0,0,0,0,0,0,0,0,0
152,1,1,9,5,7,1,2,1,21,1,9,25,4,4,1,23,1,268,0,0,0,0,0,0,0,0,0,0,0,0,0,0,0
152,1,1,9,5,7,1,2,1,21,1,9,25,4,4,1,23,1,268,0,0,0,0,0,0,0,0,0,0,0,0,0,0,0
152,1,1,9,5,7,1,2,1,21,1,9,25,4,4,1,23,1,268,0,0,0,0,0,0,0,0,0,0,0,0,0,0,0
152,1,1,9,5,7,1,2,1,21,1,9,25,4,4,1,23,1,268,0,0,0,0,0,0,0,0,0,0,0,0,0,0,0
152,1,1,9,5,7,1,2,1,21,1,9,25,4,4,1,23,1,268,0,0,0,0,0,0,0,0,0,0,0,0,0,0,0
152,1,1,9,5,7,1,2,1,21,1,9,25,4,4,1,23,1,268,0,0,0,0,0,0,0,0,0,0,0,0,0,0,0
152,1,1,9,5,7,1,2,1,21,1,9,25,4,4,1,23,1,268,0,0,0,0,0,0,0,0,0,0,0,0,0,0,0
152,1,1,9,5,7,1,2,1,21,1,9,25,4,4,1,23,1,268,0,0,0,0,0,0,0,0,0,0,0,0,0,0,0
152,1,1,9,5,7,1,2,1,21,1,9,25,4,4,1,23,1,268,0,0,0,0,0,0,0,0,0,0,0,0,0,0,0
152,1,1,9,5,7,1,2,1,21,1,9,25,4,4,1,23,1,268,0,0,0,0,0,0,0,0,0,0,0,0,0,0,0
152,1,1,9,5,7,1,2,1,21,1,9,25,4,4,1,23,1,268,0,0,0,0,0,0,0,0,0,0,0,0,0,0,0
152,1,1,9,5,7,1,2,1,21,1,9,25,4,4,1,23,1,268,0,0,0,0,0,0,0,0,0,0,0,0,0,0,0
152,1,1,9,5,7,1,2,1,21,1,9,25,4,4,1,23,1,268,0,0,0,0,0,0,0,0,0,0,0,0,0,0,0
190,1,1,13,3,7,1,4,1,30,1,11,28,4,4,1,23,1,326,0,0,0,0,0,0,0,2,0,0,0,0,0,0,0
152,1,1,9,5,7,1,2,1,21,1,9,25,4,4,1,23,1,268,0,0,0,0,0,0,0,0,0,0,0,0,0,0,0
190,1,1,13,3,7,1,4,1,30,1,11,28,4,4,1,23,1,326,0,0,0,0,0,0,0,2,0,0,0,0,0,0,0
152,1,1,9,5,7,1,2,1,21,1,9,25,4,4,1,23,1,268,0,0,0,0,0,0,0,0,0,0,0,0,0,0,0
152,1,1,9,5,7,1,2,1,21,1,9,25,4,4,1,23,1,268,0,0,0,0,0,0,0,0,0,0,0,0,0,0,0
190,1,1,13,3,7,1,4,1,30,1,11,28,4,4,1,23,1,326,0,0,0,0,0,0,0,2,0,0,0,0,0,0,0
152,1,1,9,5,7,1,2,1,21,1,9,25,4,4,1,23,1,268,0,0,0,0,0,0,0,0,0,0,0,0,0,0,0
152,1,1,9,5,7,1,2,1,21,1,9,25,4,4,1,23,1,268,0,0,0,0,0,0,0,0,0,0,0,0,0,0,0
190,1,1,13,3,7,1,4,1,30,1,11,28,4,4,1,23,1,326,0,0,0,0,0,0,0,2,0,0,0,0,0,0,0
152,1,1,9,5,7,1,2,1,21,1,9,25,4,4,1,23,1,268,0,0,0,0,0,0,0,0,0,0,0,0,0,0,0
152,1,1,9,5,7,1,2,1,21,1,9,25,4,4,1,23,1,268,0,0,0,0,0,0,0,0,0,0,0,0,0,0,0
190,1,1,13,3,7,1,4,1,30,1,11,28,4,4,1,23,1,326,0,0,0,0,0,0,0,2,0,0,0,0,0,0,0
152,1,1,9,5,7,1,2,1,21,1,9,25,4,4,1,23,1,268,0,0,0,0,0,0,0,0,0,0,0,0,0,0,0
152,1,1,9,5,7,1,2,1,21,1,9,25,4,4,1,23,1,268,0,0,0,0,0,0,0,0,0,0,0,0,0,0,0
152,1,1,9,5,7,1,2,1,21,1,9,25,4,4,1,23,1,268,0,0,0,0,0,0,0,0,0,0,0,0,0,0,0
152,1,1,9,5,7,1,2,1,21,1,9,25,4,4,1,23,1,268,0,0,0,0,0,0,0,0,0,0,0,0,0,0,0
152,1,1,9,5,7,1,2,1,21,1,9,25,4,4,1,23,1,268,0,0,0,0,0,0,0,0,0,0,0,0,0,0,0
190,1,1,13,3,7,1,4,1,30,1,11,28,4,4,1,23,1,326,0,0,0,0,0,0,0,2,0,0,0,0,0,0,0
152,1,1,9,5,7,1,2,1,21,1,9,25,4,4,1,23,1,268,0,0,0,0,0,0,0,0,0,0,0,0,0,0,0
152,1,1,9,5,7,1,2,1,21,1,9,25,4,4,1,23,1,268,0,0,0,0,0,0,0,0,0,0,0,0,0,0,0
152,1,1,9,5,7,1,2,1,21,1,9,25,4,4,1,23,1,268,0,0,0,0,0,0,0,0,0,0,0,0,0,0,0
152,1,1,9,5,7,1,2,1,21,1,9,25,4,4,1,23,1,268,0,0,0,0,0,0,0,0,0,0,0,0,0,0,0
152,1,1,9,5,7,1,2,1,21,1,9,25,4,4,1,23,1,268,0,0,0,0,0,0,0,0,0,0,0,0,0,0,0
152,1,1,9,5,7,1,2,1,21,1,9,25,4,4,1,23,1,268,0,0,0,0,0,0,0,0,0,0,0,0,0,0,0
152,1,1,9,5,7,1,2,1,21,1,9,25,4,4,1,23,1,268,0,0,0,0,0,0,0,0,0,0,0,0,0,0,0
152,1,1,9,5,7,1,2,1,21,1,9,25,4,4,1,23,1,268,0,0,0,0,0,0,0,0,0,0,0,0,0,0,0
152,1,1,9,5,7,1,2,1,21,1,9,25,4,4,1,23,1,268,0,0,0,0,0,0,0,0,0,0,0,0,0,0,0
152,1,1,9,5,7,1,2,1,21,1,9,25,4,4,1,23,1,268,0,0,0,0,0,0,0,0,0,0,0,0,0,0,0
152,1,1,9,5,7,1,2,1,21,1,9,25,4,4,1,23,1,268,0,0,0,0,0,0,0,0,0,0,0,0,0,0,0
152,1,1,9,5,7,1,2,1,21,1,9,25,4,4,1,23,1,268,0,0,0,0,0,0,0,0,0,0,0,0,0,0,0
152,1,1,9,5,7,1,2,1,21,1,9,25,4,4,1,23,1,268,0,0,0,0,0,0,0,0,0,0,0,0,0,0,0
152,1,1,9,5,7,1,2,1,21,1,9,25,4,4,1,23,1,268,0,0,0,0,0,0,0,0,0,0,0,0,0,0,0
152,1,1,9,5,7,1,2,1,21,1,9,25,4,4,1,23,1,268,0,0,0,0,0,0,0,0,0,0,0,0,0,0,0
152,1,1,9,5,7,1,2,1,21,1,9,25,4,4,1,23,1,268,0,0,0,0,0,0,0,0,0,0,0,0,0,0,0
152,1,1,9,5,7,1,2,1,21,1,9,25,4,4,1,23,1,268,0,0,0,0,0,0,0,0,0,0,0,0,0,0,0
152,1,1,9,5,7,1,2,1,21,1,9,25,4,4,1,23,1,268,0,0,0,0,0,0,0,0,0,0,0,0,0,0,0
152,1,1,9,5,7,1,2,1,21,1,9,25,4,4,1,23,1,268,0,0,0,0,0,0,0,0,0,0,0,0,0,0,0
152,1,1,9,5,7,1,2,1,21,1,9,25,4,4,1,23,1,268,0,0,0,0,0,0,0,0,0,0,0,0,0,0,0
152,1,1,9,5,7,1,2,1,21,1,9,25,4,4,1,23,1,268,0,0,0,0,0,0,0,0,0,0,0,0,0,0,0
152,1,1,9,5,7,1,2,1,21,1,9,25,4,4,1,23,1,268,0,0,0,0,0,0,0,0,0,0,0,0,0,0,0
152,1,1,9,5,7,1,2,1,21,1,9,25,4,4,1,23,1,268,0,0,0,0,0,0,0,0,0,0,0,0,0,0,0
152,1,1,9,5,7,1,2,1,21,1,9,25,4,4,1,23,1,268,0,0,0,0,0,0,0,0,0,0,0,0,0,0,0
152,1,1,9,5,7,1,2,1,21,1,9,25,4,4,1,23,1,268,0,0,0,0,0,0,0,0,0,0,0,0,0,0,0
152,1,1,9,5,7,1,2,1,21,1,9,25,4,4,1,23,1,268,0,0,0,0,0,0,0,0,0,0,0,0,0,0,0
152,1,1,9,5,7,1,2,1,21,1,9,25,4,4,1,23,1,268,0,0,0,0,0,0,0,0,0,0,0,0,0,0,0
152,1,1,9,5,7,1,2,1,21,1,9,25,4,4,1,23,1,268,0,0,0,0,0,0,0,0,0,0,0,0,0,0,0
152,1,1,9,5,7,1,2,1,21,1,9,25,4,4,1,23,1,268,0,0,0,0,0,0,0,0,0,0,0,0,0,0,0
152,1,1,9,5,7,1,2,1,21,1,9,25,4,4,1,23,1,268,0,0,0,0,0,0,0,0,0,0,0,0,0,0,0
152,1,1,9,5,7,1,2,1,21,1,9,25,4,4,1,23,1,268,0,0,0,0,0,0,0,0,0,0,0,0,0,0,0
152,1,1,9,5,7,1,2,1,21,1,9,25,4,4,1,23,1,268,0,0,0,0,0,0,0,0,0,0,0,0,0,0,0
152,1,1,9,5,7,1,2,1,21,1,9,25,4,4,1,23,1,268,0,0,0,0,0,0,0,0,0,0,0,0,0,0,0
152,1,1,9,5,7,1,2,1,21,1,9,25,4,4,1,23,1,268,0,0,0,0,0,0,0,0,0,0,0,0,0,0,0
152,1,1,9,5,7,1,2,1,21,1,9,25,4,4,1,23,1,268,0,0,0,0,0,0,0,0,0,0,0,0,0,0,0
152,1,1,9,5,7,1,2,1,21,1,9,25,4,4,1,23,1,268,0,0,0,0,0,0,0,0,0,0,0,0,0,0,0
152,1,1,9,5,7,1,2,1,21,1,9,25,4,4,1,23,1,268,0,0,0,0,0,0,0,0,0,0,0,0,0,0,0
152,1,1,9,5,7,1,2,1,21,1,9,25,4,4,1,23,1,268,0,0,0,0,0,0,0,0,0,0,0,0,0,0,0
152,1,1,9,5,7,1,2,1,21,1,9,25,4,4,1,23,1,268,0,0,0,0,0,0,0,0,0,0,0,0,0,0,0
152,1,1,9,5,7,1,2,1,21,1,9,25,4,4,1,23,1,268,0,0,0,0,0,0,0,0,0,0,0,0,0,0,0
152,1,1,9,5,7,1,2,1,21,1,9,25,4,4,1,23,1,268,0,0,0,0,0,0,0,0,0,0,0,0,0,0,0
152,1,1,9,5,7,1,2,1,21,1,9,25,4,4,1,23,1,268,0,0,0,0,0,0,0,0,0,0,0,0,0,0,0
152,1,1,9,5,7,1,2,1,21,1,9,25,4,4,1,23,1,268,0,0,0,0,0,0,0,0,0,0,0,0,0,0,0
152,1,1,9,5,7,1,2,1,21,1,9,25,4,4,1,23,1,268,0,0,0,0,0,0,0,0,0,0,0,0,0,0,0
152,1,1,9,5,7,1,2,1,21,1,9,25,4,4,1,23,1,268,0,0,0,0,0,0,0,0,0,0,0,0,0,0,0
152,1,1,9,5,7,1,2,1,21,1,9,25,4,4,1,23,1,268,0,0,0,0,0,0,0,0,0,0,0,0,0,0,0
152,1,1,9,5,7,1,2,1,21,1,9,25,4,4,1,23,1,268,0,0,0,0,0,0,0,0,0,0,0,0,0,0,0
152,1,1,9,5,7,1,2,1,21,1,9,25,4,4,1,23,1,268,0,0,0,0,0,0,0,0,0,0,0,0,0,0,0
152,1,1,9,5,7,1,2,1,21,1,9,25,4,4,1,23,1,268,0,0,0,0,0,0,0,0,0,0,0,0,0,0,0
152,1,1,9,5,7,1,2,1,21,1,9,25,4,4,1,23,1,268,0,0,0,0,0,0,0,0,0,0,0,0,0,0,0
152,1,1,9,5,7,1,2,1,21,1,9,25,4,4,1,23,1,268,0,0,0,0,0,0,0,0,0,0,0,0,0,0,0
152,1,1,9,5,7,1,2,1,21,1,9,25,4,4,1,23,1,268,0,0,0,0,0,0,0,0,0,0,0,0,0,0,0
152,1,1,9,5,7,1,2,1,21,1,9,25,4,4,1,23,1,268,0,0,0,0,0,0,0,0,0,0,0,0,0,0,0
152,1,1,9,5,7,1,2,1,21,1,9,25,4,4,1,23,1,268,0,0,0,0,0,0,0,0,0,0,0,0,0,0,0
152,1,1,9,5,7,1,2,1,21,1,9,25,4,4,1,23,1,268,0,0,0,0,0,0,0,0,0,0,0,0,0,0,0
152,1,1,9,5,7,1,2,1,21,1,9,25,4,4,1,23,1,268,0,0,0,0,0,0,0,0,0,0,0,0,0,0,0
152,1,1,9,5,7,1,2,1,21,1,9,25,4,4,1,23,1,268,0,0,0,0,0,0,0,0,0,0,0,0,0,0,0
152,1,1,9,5,7,1,2,1,21,1,9,25,4,4,1,23,1,268,0,0,0,0,0,0,0,0,0,0,0,0,0,0,0
152,1,1,9,5,7,1,2,1,21,1,9,25,4,4,1,23,1,268,0,0,0,0,0,0,0,0,0,0,0,0,0,0,0
152,1,1,9,5,7,1,2,1,21,1,9,25,4,4,1,23,1,268,0,0,0,0,0,0,0,0,0,0,0,0,0,0,0
152,1,1,9,5,7,1,2,1,21,1,9,25,4,4,1,23,1,268,0,0,0,0,0,0,0,0,0,0,0,0,0,0,0
152,1,1,9,5,7,1,2,1,21,1,9,25,4,4,1,23,1,268,0,0,0,0,0,0,0,0,0,0,0,0,0,0,0
152,1,1,9,5,7,1,2,1,21,1,9,25,4,4,1,23,1,268,0,0,0,0,0,0,0,0,0,0,0,0,0,0,0
152,1,1,9,5,7,1,2,1,21,1,9,25,4,4,1,23,1,268,0,0,0,0,0,0,0,0,0,0,0,0,0,0,0
154,1,1,9,5,7,1,2,1,21,1,10,26,5,5,1,23,1,274,0,0,0,0,0,0,0,0,0,0,0,0,0,0,0
154,1,1,9,5,7,1,2,1,21,1,10,26,5,5,1,23,1,274,0,0,0,0,0,0,0,0,0,0,0,0,0,0,0
154,1,1,9,5,7,1,2,1,21,1,10,26,5,5,1,23,1,274,0,0,0,0,0,0,0,0,0,0,0,0,0,0,0
154,1,1,9,5,7,1,2,1,21,1,10,26,5,5,1,23,1,274,0,0,0,0,0,0,0,0,0,0,0,0,0,0,0
154,1,1,9,5,7,1,2,1,21,1,10,26,5,5,1,23,1,274,0,0,0,0,0,0,0,0,0,0,0,0,0,0,0
154,1,1,9,5,7,1,2,1,21,1,10,26,5,5,1,23,1,274,0,0,0,0,0,0,0,0,0,0,0,0,0,0,0
154,1,1,9,5,7,1,2,1,21,1,10,26,5,5,1,23,1,274,0,0,0,0,0,0,0,0,0,0,0,0,0,0,0
154,1,1,9,5,7,1,2,1,21,1,10,26,5,5,1,23,1,274,0,0,0,0,0,0,0,0,0,0,0,0,0,0,0
154,1,1,9,5,7,1,2,1,21,1,10,26,5,5,1,23,1,274,0,0,0,0,0,0,0,0,0,0,0,0,0,0,0
154,1,1,9,5,7,1,2,1,21,1,10,26,5,5,1,23,1,274,0,0,0,0,0,0,0,0,0,0,0,0,0,0,0
154,1,1,9,5,7,1,2,1,21,1,10,26,5,5,1,23,1,274,0,0,0,0,0,0,0,0,0,0,0,0,0,0,0
154,1,1,9,5,7,1,2,1,21,1,10,26,5,5,1,23,1,274,0,0,0,0,0,0,0,0,0,0,0,0,0,0,0
154,1,1,9,5,7,1,2,1,21,1,10,26,5,5,1,23,1,274,0,0,0,0,0,0,0,0,0,0,0,0,0,0,0
154,1,1,9,5,7,1,2,1,21,1,10,26,5,5,1,23,1,274,0,0,0,0,0,0,0,0,0,0,0,0,0,0,0
154,1,1,9,5,7,1,2,1,21,1,10,26,5,5,1,23,1,274,0,0,0,0,0,0,0,0,0,0,0,0,0,0,0
154,1,1,9,5,7,1,2,1,21,1,10,26,5,5,1,23,1,274,0,0,0,0,0,0,0,0,0,0,0,0,0,0,0
154,1,1,9,5,7,1,2,1,21,1,10,26,5,5,1,23,1,274,0,0,0,0,0,0,0,0,0,0,0,0,0,0,0
154,1,1,9,5,7,1,2,1,21,1,10,26,5,5,1,23,1,274,0,0,0,0,0,0,0,0,0,0,0,0,0,0,0
154,1,1,9,5,7,1,2,1,21,1,10,26,5,5,1,23,1,274,0,0,0,0,0,0,0,0,0,0,0,0,0,0,0
154,1,1,9,5,7,1,2,1,21,1,10,26,5,5,1,23,1,274,0,0,0,0,0,0,0,0,0,0,0,0,0,0,0
154,1,1,9,5,7,1,2,1,21,1,10,26,5,5,1,23,1,274,0,0,0,0,0,0,0,0,0,0,0,0,0,0,0
154,1,1,9,5,7,1,2,1,21,1,10,26,5,5,1,23,1,274,0,0,0,0,0,0,0,0,0,0,0,0,0,0,0
154,1,1,9,5,7,1,2,1,21,1,10,26,5,5,1,23,1,274,0,0,0,0,0,0,0,0,0,0,0,0,0,0,0
154,1,1,9,5,7,1,2,1,21,1,10,26,5,5,1,23,1,274,0,0,0,0,0,0,0,0,0,0,0,0,0,0,0
154,1,1,9,5,7,1,2,1,21,1,10,26,5,5,1,23,1,274,0,0,0,0,0,0,0,0,0,0,0,0,0,0,0
154,1,1,9,5,7,1,2,1,21,1,10,26,5,5,1,23,1,274,0,0,0,0,0,0,0,0,0,0,0,0,0,0,0
154,1,1,9,5,7,1,2,1,21,1,10,26,5,5,1,23,1,274,0,0,0,0,0,0,0,0,0,0,0,0,0,0,0
154,1,1,9,5,7,1,2,1,21,1,10,26,5,5,1,23,1,274,0,0,0,0,0,0,0,0,0,0,0,0,0,0,0
154,1,1,9,5,7,1,2,1,21,1,10,26,5,5,1,23,1,274,0,0,0,0,0,0,0,0,0,0,0,0,0,0,0
154,1,1,9,5,7,1,2,1,21,1,10,26,5,5,1,23,1,274,0,0,0,0,0,0,0,0,0,0,0,0,0,0,0
154,1,1,9,5,7,1,2,1,21,1,10,26,5,5,1,23,1,274,0,0,0,0,0,0,0,0,0,0,0,0,0,0,0
154,1,1,9,5,7,1,2,1,21,1,10,26,5,5,1,23,1,274,0,0,0,0,0,0,0,0,0,0,0,0,0,0,0
154,1,1,9,5,7,1,2,1,21,1,10,26,5,5,1,23,1,274,0,0,0,0,0,0,0,0,0,0,0,0,0,0,0
154,1,1,9,5,7,1,2,1,21,1,10,26,5,5,1,23,1,274,0,0,0,0,0,0,0,0,0,0,0,0,0,0,0
154,1,1,9,5,7,1,2,1,21,1,10,26,5,5,1,23,1,274,0,0,0,0,0,0,0,0,0,0,0,0,0,0,0
154,1,1,9,5,7,1,2,1,21,1,10,26,5,5,1,23,1,274,0,0,0,0,0,0,0,0,0,0,0,0,0,0,0
154,1,1,9,5,7,1,2,1,21,1,10,26,5,5,1,23,1,274,0,0,0,0,0,0,0,0,0,0,0,0,0,0,0
154,1,1,9,5,7,1,2,1,21,1,10,26,5,5,1,23,1,274,0,0,0,0,0,0,0,0,0,0,0,0,0,0,0
154,1,1,9,5,7,1,2,1,21,1,10,26,5,5,1,23,1,274,0,0,0,0,0,0,0,0,0,0,0,0,0,0,0
154,1,1,9,5,7,1,2,1,21,1,10,26,5,5,1,23,1,274,0,0,0,0,0,0,0,0,0,0,0,0,0,0,0
154,1,1,9,5,7,1,2,1,21,1,10,26,5,5,1,23,1,274,0,0,0,0,0,0,0,0,0,0,0,0,0,0,0
154,1,1,9,5,7,1,2,1,21,1,10,26,5,5,1,23,1,274,0,0,0,0,0,0,0,0,0,0,0,0,0,0,0
154,1,1,9,5,7,1,2,1,21,1,10,26,5,5,1,23,1,274,0,0,0,0,0,0,0,0,0,0,0,0,0,0,0
154,1,1,9,5,7,1,2,1,21,1,10,26,5,5,1,23,1,274,0,0,0,0,0,0,0,0,0,0,0,0,0,0,0
154,1,1,9,5,7,1,2,1,21,1,10,26,5,5,1,23,1,274,0,0,0,0,0,0,0,0,0,0,0,0,0,0,0
154,1,1,9,5,7,1,2,1,21,1,10,26,5,5,1,23,1,274,0,0,0,0,0,0,0,0,0,0,0,0,0,0,0
154,1,1,9,5,7,1,2,1,21,1,10,26,5,5,1,23,1,274,0,0,0,0,0,0,0,0,0,0,0,0,0,0,0
154,1,1,9,5,7,1,2,1,21,1,10,26,5,5,1,23,1,274,0,0,0,0,0,0,0,0,0,0,0,0,0,0,0
154,1,1,9,5,7,1,2,1,21,1,10,26,5,5,1,23,1,274,0,0,0,0,0,0,0,0,0,0,0,0,0,0,0
154,1,1,9,5,7,1,2,1,21,1,10,26,5,5,1,23,1,274,0,0,0,0,0,0,0,0,0,0,0,0,0,0,0
154,1,1,9,5,7,1,2,1,21,1,10,26,5,5,1,23,1,274,0,0,0,0,0,0,0,0,0,0,0,0,0,0,0
154,1,1,9,5,7,1,2,1,21,1,10,26,5,5,1,23,1,274,0,0,0,0,0,0,0,0,0,0,0,0,0,0,0
154,1,1,9,5,7,1,2,1,21,1,10,26,5,5,1,23,1,274,0,0,0,0,0,0,0,0,0,0,0,0,0,0,0
154,1,1,9,5,7,1,2,1,21,1,10,26,5,5,1,23,1,274,0,0,0,0,0,0,0,0,0,0,0,0,0,0,0
154,1,1,9,5,7,1,2,1,21,1,10,26,5,5,1,23,1,274,0,0,0,0,0,0,0,0,0,0,0,0,0,0,0
154,1,1,9,5,7,1,2,1,21,1,10,26,5,5,1,23,1,274,0,0,0,0,0,0,0,0,0,0,0,0,0,0,0
154,1,1,9,5,7,1,2,1,21,1,10,26,5,5,1,23,1,274,0,0,0,0,0,0,0,0,0,0,0,0,0,0,0
154,1,1,9,5,7,1,2,1,21,1,10,26,5,5,1,23,1,274,0,0,0,0,0,0,0,0,0,0,0,0,0,0,0
154,1,1,9,5,7,1,2,1,21,1,10,26,5,5,1,23,1,274,0,0,0,0,0,0,0,0,0,0,0,0,0,0,0
154,1,1,9,5,7,1,2,1,21,1,10,26,5,5,1,23,1,274,0,0,0,0,0,0,0,0,0,0,0,0,0,0,0
154,1,1,9,5,7,1,2,1,21,1,10,26,5,5,1,23,1,274,0,0,0,0,0,0,0,0,0,0,0,0,0,0,0
154,1,1,9,5,7,1,2,1,21,1,10,26,5,5,1,23,1,274,0,0,0,0,0,0,0,0,0,0,0,0,0,0,0
154,1,1,9,5,7,1,2,1,21,1,10,26,5,5,1,23,1,274,0,0,0,0,0,0,0,0,0,0,0,0,0,0,0
154,1,1,9,5,7,1,2,1,21,1,10,26,5,5,1,23,1,274,0,0,0,0,0,0,0,0,0,0,0,0,0,0,0
154,1,1,9,5,7,1,2,1,21,1,10,26,5,5,1,23,1,274,0,0,0,0,0,0,0,0,0,0,0,0,0,0,0
653,1,1,94,9,12,1,11,1,267,82,183,202,12,0,14,87,2,1845,1,0,11,83,0,1,0,0,0,0,0,0,82,23,12
