string,html,head,script,meta,link,title,style,noscript,body,div,img,map,area,a,form,input,span,ul,li,i,b,p,number_of_tags,wb_div,h1,textarea,app,center,hr,header,nav,svg,path,g,button,main,dl,dt,dd,h2,circle,footer
0,0,0,0,0,0,0,0,0,0,0,0,0,0,0,0,0,0,0,0,0,0,0,0,0,0,0,0,0,0,0,0,0,0,0,0,0,0,0,0,0,0,0
124,1,1,16,5,11,1,4,1,1,22,4,1,1,32,1,14,5,1,4,3,1,4,258,0,0,0,0,0,0,0,0,0,0,0,0,0,0,0,0,0,0,0
124,1,1,16,5,11,1,4,1,1,22,4,1,1,32,1,14,5,1,4,3,1,4,258,0,0,0,0,0,0,0,0,0,0,0,0,0,0,0,0,0,0,0
124,1,1,16,5,11,1,4,1,1,22,4,1,1,32,1,14,5,1,4,3,1,4,258,0,0,0,0,0,0,0,0,0,0,0,0,0,0,0,0,0,0,0
124,1,1,16,5,11,1,4,1,1,22,4,1,1,32,1,14,5,1,4,3,1,4,258,0,0,0,0,0,0,0,0,0,0,0,0,0,0,0,0,0,0,0
166,1,1,22,5,11,1,6,1,1,31,4,1,1,35,1,14,7,1,4,3,1,4,324,2,0,0,0,0,0,0,0,0,0,0,0,0,0,0,0,0,0,0
124,1,1,16,5,11,1,4,1,1,22,4,1,1,32,1,14,5,1,4,3,1,4,258,0,0,0,0,0,0,0,0,0,0,0,0,0,0,0,0,0,0,0
124,1,1,16,5,11,1,4,1,1,22,4,1,1,32,1,14,5,1,4,3,1,4,258,0,0,0,0,0,0,0,0,0,0,0,0,0,0,0,0,0,0,0
124,1,1,16,5,11,1,4,1,1,22,4,1,1,32,1,14,5,1,4,3,1,4,258,0,0,0,0,0,0,0,0,0,0,0,0,0,0,0,0,0,0,0
166,1,1,22,5,11,1,6,1,1,31,4,1,1,35,1,14,7,1,4,3,1,4,324,2,0,0,0,0,0,0,0,0,0,0,0,0,0,0,0,0,0,0
124,1,1,16,5,11,1,4,1,1,22,4,1,1,32,1,14,5,1,4,3,1,4,258,0,0,0,0,0,0,0,0,0,0,0,0,0,0,0,0,0,0,0
124,1,1,16,5,11,1,4,1,1,22,4,1,1,32,1,14,5,1,4,3,1,4,258,0,0,0,0,0,0,0,0,0,0,0,0,0,0,0,0,0,0,0
166,1,1,22,5,11,1,6,1,1,31,4,1,1,35,1,14,7,1,4,3,1,4,324,2,0,0,0,0,0,0,0,0,0,0,0,0,0,0,0,0,0,0
192,1,1,18,5,11,1,5,1,1,36,12,1,1,43,1,14,8,1,4,3,1,8,371,0,2,0,0,0,0,0,0,0,0,0,0,0,0,0,0,0,0,0
124,1,1,16,5,11,1,4,1,1,22,4,1,1,32,1,14,5,1,4,3,1,4,258,0,0,0,0,0,0,0,0,0,0,0,0,0,0,0,0,0,0,0
124,1,1,16,5,11,1,4,1,1,22,4,1,1,32,1,14,5,1,4,3,1,4,258,0,0,0,0,0,0,0,0,0,0,0,0,0,0,0,0,0,0,0
166,1,1,22,5,11,1,6,1,1,31,4,1,1,35,1,14,7,1,4,3,1,4,324,2,0,0,0,0,0,0,0,0,0,0,0,0,0,0,0,0,0,0
124,1,1,16,5,11,1,4,1,1,22,4,1,1,32,1,14,5,1,4,3,1,4,258,0,0,0,0,0,0,0,0,0,0,0,0,0,0,0,0,0,0,0
124,1,1,16,5,11,1,4,1,1,22,4,1,1,32,1,14,5,1,4,3,1,4,258,0,0,0,0,0,0,0,0,0,0,0,0,0,0,0,0,0,0,0
124,1,1,16,5,11,1,4,1,1,22,4,1,1,32,1,14,5,1,4,3,1,4,258,0,0,0,0,0,0,0,0,0,0,0,0,0,0,0,0,0,0,0
124,1,1,16,5,11,1,4,1,1,22,4,1,1,32,1,14,5,1,4,3,1,4,258,0,0,0,0,0,0,0,0,0,0,0,0,0,0,0,0,0,0,0
166,1,1,22,5,11,1,6,1,1,31,4,1,1,35,1,14,7,1,4,3,1,4,324,2,0,0,0,0,0,0,0,0,0,0,0,0,0,0,0,0,0,0
166,1,1,22,5,11,1,6,1,1,31,4,1,1,35,1,14,7,1,4,3,1,4,324,2,0,0,0,0,0,0,0,0,0,0,0,0,0,0,0,0,0,0
124,1,1,16,5,11,1,4,1,1,22,4,1,1,32,1,14,5,1,4,3,1,4,258,0,0,0,0,0,0,0,0,0,0,0,0,0,0,0,0,0,0,0
166,1,1,22,5,11,1,6,1,1,31,4,1,1,35,1,14,7,1,4,3,1,4,324,2,0,0,0,0,0,0,0,0,0,0,0,0,0,0,0,0,0,0
124,1,1,16,5,11,1,4,1,1,22,4,1,1,32,1,14,5,1,4,3,1,4,258,0,0,0,0,0,0,0,0,0,0,0,0,0,0,0,0,0,0,0
124,1,1,16,5,11,1,4,1,1,22,4,1,1,32,1,14,5,1,4,3,1,4,258,0,0,0,0,0,0,0,0,0,0,0,0,0,0,0,0,0,0,0
124,1,1,16,5,11,1,4,1,1,22,4,1,1,32,1,14,5,1,4,3,1,4,258,0,0,0,0,0,0,0,0,0,0,0,0,0,0,0,0,0,0,0
166,1,1,22,5,11,1,6,1,1,31,4,1,1,35,1,14,7,1,4,3,1,4,324,2,0,0,0,0,0,0,0,0,0,0,0,0,0,0,0,0,0,0
168,1,1,37,6,9,1,11,1,1,71,18,1,1,55,1,15,31,2,10,15,1,11,473,2,0,3,0,0,0,0,0,0,0,0,0,0,0,0,0,0,0,0
166,1,1,22,5,11,1,6,1,1,31,4,1,1,35,1,14,7,1,4,3,1,4,324,2,0,0,0,0,0,0,0,0,0,0,0,0,0,0,0,0,0,0
124,1,1,16,5,11,1,4,1,1,22,4,1,1,32,1,14,5,1,4,3,1,4,258,0,0,0,0,0,0,0,0,0,0,0,0,0,0,0,0,0,0,0
124,1,1,16,5,11,1,4,1,1,22,4,1,1,32,1,14,5,1,4,3,1,4,258,0,0,0,0,0,0,0,0,0,0,0,0,0,0,0,0,0,0,0
124,1,1,16,5,11,1,4,1,1,22,4,1,1,32,1,14,5,1,4,3,1,4,258,0,0,0,0,0,0,0,0,0,0,0,0,0,0,0,0,0,0,0
166,1,1,22,5,11,1,6,1,1,31,4,1,1,35,1,14,7,1,4,3,1,4,324,2,0,0,0,0,0,0,0,0,0,0,0,0,0,0,0,0,0,0
124,1,1,16,5,11,1,4,1,1,22,4,1,1,32,1,14,5,1,4,3,1,4,258,0,0,0,0,0,0,0,0,0,0,0,0,0,0,0,0,0,0,0
124,1,1,16,5,11,1,4,1,1,22,4,1,1,32,1,14,5,1,4,3,1,4,258,0,0,0,0,0,0,0,0,0,0,0,0,0,0,0,0,0,0,0
166,1,1,22,5,11,1,6,1,1,31,4,1,1,35,1,14,7,1,4,3,1,4,324,2,0,0,0,0,0,0,0,0,0,0,0,0,0,0,0,0,0,0
166,1,1,22,5,11,1,6,1,1,31,4,1,1,35,1,14,7,1,4,3,1,4,324,2,0,0,0,0,0,0,0,0,0,0,0,0,0,0,0,0,0,0
124,1,1,16,5,11,1,4,1,1,22,4,1,1,32,1,14,5,1,4,3,1,4,258,0,0,0,0,0,0,0,0,0,0,0,0,0,0,0,0,0,0,0
124,1,1,16,5,11,1,4,1,1,22,4,1,1,32,1,14,5,1,4,3,1,4,258,0,0,0,0,0,0,0,0,0,0,0,0,0,0,0,0,0,0,0
124,1,1,16,5,11,1,4,1,1,22,4,1,1,32,1,14,5,1,4,3,1,4,258,0,0,0,0,0,0,0,0,0,0,0,0,0,0,0,0,0,0,0
124,1,1,16,5,11,1,4,1,1,22,4,1,1,32,1,14,5,1,4,3,1,4,258,0,0,0,0,0,0,0,0,0,0,0,0,0,0,0,0,0,0,0
4,1,0,0,1,0,0,0,0,0,0,0,0,0,0,0,0,0,0,0,0,0,0,6,0,0,0,0,0,0,0,0,0,0,0,0,0,0,0,0,0,0,0
124,1,1,16,5,11,1,4,1,1,22,4,1,1,32,1,14,5,1,4,3,1,4,258,0,0,0,0,0,0,0,0,0,0,0,0,0,0,0,0,0,0,0
124,1,1,16,5,11,1,4,1,1,22,4,1,1,32,1,14,5,1,4,3,1,4,258,0,0,0,0,0,0,0,0,0,0,0,0,0,0,0,0,0,0,0
124,1,1,16,5,11,1,4,1,1,22,4,1,1,32,1,14,5,1,4,3,1,4,258,0,0,0,0,0,0,0,0,0,0,0,0,0,0,0,0,0,0,0
7,1,0,3,1,0,0,0,0,0,0,0,0,0,0,0,0,0,0,0,0,0,0,12,0,0,0,0,0,0,0,0,0,0,0,0,0,0,0,0,0,0,0
7,1,0,3,1,0,0,0,0,0,0,0,0,0,0,0,0,0,0,0,0,0,0,12,0,0,0,0,0,0,0,0,0,0,0,0,0,0,0,0,0,0,0
166,1,1,22,5,11,1,6,1,1,31,4,1,1,35,1,14,7,1,4,3,1,4,324,2,0,0,0,0,0,0,0,0,0,0,0,0,0,0,0,0,0,0
166,1,1,22,5,11,1,6,1,1,31,4,1,1,35,1,14,7,1,4,3,1,4,324,2,0,0,0,0,0,0,0,0,0,0,0,0,0,0,0,0,0,0
166,1,1,22,5,11,1,6,1,1,31,4,1,1,35,1,14,7,1,4,3,1,4,324,2,0,0,0,0,0,0,0,0,0,0,0,0,0,0,0,0,0,0
124,1,1,16,5,11,1,4,1,1,22,4,1,1,32,1,14,5,1,4,3,1,4,258,0,0,0,0,0,0,0,0,0,0,0,0,0,0,0,0,0,0,0
124,1,1,16,5,11,1,4,1,1,22,4,1,1,32,1,14,5,1,4,3,1,4,258,0,0,0,0,0,0,0,0,0,0,0,0,0,0,0,0,0,0,0
124,1,1,16,5,11,1,4,1,1,22,4,1,1,32,1,14,5,1,4,3,1,4,258,0,0,0,0,0,0,0,0,0,0,0,0,0,0,0,0,0,0,0
124,1,1,16,5,11,1,4,1,1,22,4,1,1,32,1,14,5,1,4,3,1,4,258,0,0,0,0,0,0,0,0,0,0,0,0,0,0,0,0,0,0,0
124,1,1,16,5,11,1,4,1,1,22,4,1,1,32,1,14,5,1,4,3,1,4,258,0,0,0,0,0,0,0,0,0,0,0,0,0,0,0,0,0,0,0
124,1,1,16,5,11,1,4,1,1,22,4,1,1,32,1,14,5,1,4,3,1,4,258,0,0,0,0,0,0,0,0,0,0,0,0,0,0,0,0,0,0,0
124,1,1,16,5,11,1,4,1,1,22,4,1,1,32,1,14,5,1,4,3,1,4,258,0,0,0,0,0,0,0,0,0,0,0,0,0,0,0,0,0,0,0
124,1,1,16,5,11,1,4,1,1,22,4,1,1,32,1,14,5,1,4,3,1,4,258,0,0,0,0,0,0,0,0,0,0,0,0,0,0,0,0,0,0,0
124,1,1,16,5,11,1,4,1,1,22,4,1,1,32,1,14,5,1,4,3,1,4,258,0,0,0,0,0,0,0,0,0,0,0,0,0,0,0,0,0,0,0
124,1,1,16,5,11,1,4,1,1,22,4,1,1,32,1,14,5,1,4,3,1,4,258,0,0,0,0,0,0,0,0,0,0,0,0,0,0,0,0,0,0,0
124,1,1,16,5,11,1,4,1,1,22,4,1,1,32,1,14,5,1,4,3,1,4,258,0,0,0,0,0,0,0,0,0,0,0,0,0,0,0,0,0,0,0
124,1,1,16,5,11,1,4,1,1,22,4,1,1,32,1,14,5,1,4,3,1,4,258,0,0,0,0,0,0,0,0,0,0,0,0,0,0,0,0,0,0,0
124,1,1,16,5,11,1,4,1,1,22,4,1,1,32,1,14,5,1,4,3,1,4,258,0,0,0,0,0,0,0,0,0,0,0,0,0,0,0,0,0,0,0
124,1,1,16,5,11,1,4,1,1,22,4,1,1,32,1,14,5,1,4,3,1,4,258,0,0,0,0,0,0,0,0,0,0,0,0,0,0,0,0,0,0,0
124,1,1,16,5,11,1,4,1,1,22,4,1,1,32,1,14,5,1,4,3,1,4,258,0,0,0,0,0,0,0,0,0,0,0,0,0,0,0,0,0,0,0
124,1,1,16,5,11,1,4,1,1,22,4,1,1,32,1,14,5,1,4,3,1,4,258,0,0,0,0,0,0,0,0,0,0,0,0,0,0,0,0,0,0,0
124,1,1,16,5,11,1,4,1,1,22,4,1,1,32,1,14,5,1,4,3,1,4,258,0,0,0,0,0,0,0,0,0,0,0,0,0,0,0,0,0,0,0
124,1,1,16,5,11,1,4,1,1,22,4,1,1,32,1,14,5,1,4,3,1,4,258,0,0,0,0,0,0,0,0,0,0,0,0,0,0,0,0,0,0,0
124,1,1,16,5,11,1,4,1,1,22,4,1,1,32,1,14,5,1,4,3,1,4,258,0,0,0,0,0,0,0,0,0,0,0,0,0,0,0,0,0,0,0
124,1,1,16,5,11,1,4,1,1,22,4,1,1,32,1,14,5,1,4,3,1,4,258,0,0,0,0,0,0,0,0,0,0,0,0,0,0,0,0,0,0,0
124,1,1,16,5,11,1,4,1,1,22,4,1,1,32,1,14,5,1,4,3,1,4,258,0,0,0,0,0,0,0,0,0,0,0,0,0,0,0,0,0,0,0
134,1,1,36,6,10,1,10,1,1,72,18,1,1,55,1,15,31,2,10,15,1,11,439,2,0,3,0,0,0,0,0,0,0,0,0,0,0,0,0,0,0,0
133,1,1,36,6,10,1,10,1,1,72,18,1,1,55,1,15,31,2,10,15,1,11,438,2,0,3,0,0,0,0,0,0,0,0,0,0,0,0,0,0,0,0
134,1,1,36,6,10,1,10,1,1,72,18,1,1,55,1,15,31,2,10,15,1,11,439,2,0,3,0,0,0,0,0,0,0,0,0,0,0,0,0,0,0,0
169,1,1,37,6,9,1,11,1,1,71,18,1,1,55,1,15,31,2,10,15,1,11,474,2,0,3,0,0,0,0,0,0,0,0,0,0,0,0,0,0,0,0
133,1,1,36,6,10,1,10,1,1,72,18,1,1,55,1,15,31,2,10,15,1,11,438,2,0,3,0,0,0,0,0,0,0,0,0,0,0,0,0,0,0,0
135,1,1,36,6,10,1,10,1,1,72,18,1,1,55,1,15,31,2,10,15,1,11,440,2,0,3,0,0,0,0,0,0,0,0,0,0,0,0,0,0,0,0
134,1,1,36,6,10,1,10,1,1,72,18,1,1,55,1,15,31,2,10,15,1,11,439,2,0,3,0,0,0,0,0,0,0,0,0,0,0,0,0,0,0,0
134,1,1,37,6,10,1,10,1,1,71,18,1,1,55,1,15,31,2,10,15,1,11,439,2,0,3,0,0,0,0,0,0,0,0,0,0,0,0,0,0,0,0
134,1,1,37,6,10,1,10,1,1,71,18,1,1,55,1,15,31,2,10,15,1,11,439,2,0,3,0,0,0,0,0,0,0,0,0,0,0,0,0,0,0,0
169,1,1,37,6,9,1,11,1,1,71,18,1,1,55,1,15,31,2,10,15,1,11,474,2,0,3,0,0,0,0,0,0,0,0,0,0,0,0,0,0,0,0
169,1,1,37,6,9,1,11,1,1,71,18,1,1,55,1,15,31,2,10,15,1,11,474,2,0,3,0,0,0,0,0,0,0,0,0,0,0,0,0,0,0,0
135,1,1,38,6,10,1,11,1,1,71,20,1,1,56,1,15,32,2,10,15,1,11,446,2,0,3,0,0,0,0,0,0,0,0,0,0,0,0,0,0,0,0
170,1,1,37,6,9,1,12,1,1,71,18,1,1,56,1,15,31,2,10,15,1,11,477,2,0,3,0,0,0,0,0,0,0,0,0,0,0,0,0,0,0,0
170,1,1,37,6,9,1,12,1,1,71,18,1,1,56,1,15,31,2,10,15,1,11,477,2,0,3,0,0,0,0,0,0,0,0,0,0,0,0,0,0,0,0
133,1,1,37,6,10,1,11,1,1,71,18,1,1,56,1,15,30,2,10,15,1,10,438,2,0,3,0,0,0,0,0,0,0,0,0,0,0,0,0,0,0,0
134,1,1,37,6,10,1,11,1,1,71,18,1,1,56,1,15,30,2,10,15,1,10,439,2,0,3,0,0,0,0,0,0,0,0,0,0,0,0,0,0,0,0
170,1,1,37,6,9,1,12,1,1,71,18,1,1,56,1,15,31,2,10,15,1,11,477,2,0,3,0,0,0,0,0,0,0,0,0,0,0,0,0,0,0,0
134,1,1,37,6,10,1,11,1,1,71,18,1,1,56,1,15,30,2,10,15,1,10,439,2,0,3,0,0,0,0,0,0,0,0,0,0,0,0,0,0,0,0
49,1,1,12,2,2,1,2,0,1,9,0,0,0,3,0,0,2,0,0,0,0,0,88,2,0,0,1,0,0,0,0,0,0,0,0,0,0,0,0,0,0,0
49,1,1,12,2,2,1,2,0,1,9,0,0,0,3,0,0,2,0,0,0,0,0,88,2,0,0,1,0,0,0,0,0,0,0,0,0,0,0,0,0,0,0
49,1,1,12,2,2,1,2,0,1,9,0,0,0,3,0,0,2,0,0,0,0,0,88,2,0,0,1,0,0,0,0,0,0,0,0,0,0,0,0,0,0,0
170,1,1,37,6,9,1,11,1,1,71,18,1,1,55,1,15,31,2,10,15,1,11,475,2,0,3,0,0,0,0,0,0,0,0,0,0,0,0,0,0,0,0
133,1,1,37,6,10,1,10,1,1,71,18,1,1,55,1,15,30,2,10,15,1,10,436,2,0,3,0,0,0,0,0,0,0,0,0,0,0,0,0,0,0,0
133,1,1,37,6,10,1,10,1,1,71,18,1,1,55,1,15,30,2,10,15,1,10,436,2,0,3,0,0,0,0,0,0,0,0,0,0,0,0,0,0,0,0
134,1,1,37,6,10,1,10,1,1,71,18,1,1,55,1,15,30,2,10,15,1,10,437,2,0,3,0,0,0,0,0,0,0,0,0,0,0,0,0,0,0,0
134,1,1,37,6,10,1,10,1,1,71,18,1,1,55,1,15,30,2,10,15,1,10,437,2,0,3,0,0,0,0,0,0,0,0,0,0,0,0,0,0,0,0
168,1,1,37,6,9,1,11,1,1,71,18,1,1,55,1,15,30,2,10,15,1,10,471,2,0,3,0,0,0,0,0,0,0,0,0,0,0,0,0,0,0,0
134,1,1,37,6,10,1,10,1,1,71,18,1,1,55,1,15,30,2,10,15,1,10,437,2,0,3,0,0,0,0,0,0,0,0,0,0,0,0,0,0,0,0
168,1,1,37,6,9,1,11,1,1,71,18,1,1,55,1,15,30,2,10,15,1,10,471,2,0,3,0,0,0,0,0,0,0,0,0,0,0,0,0,0,0,0
168,1,1,37,6,9,1,11,1,1,71,18,1,1,55,1,15,30,2,10,15,1,10,471,2,0,3,0,0,0,0,0,0,0,0,0,0,0,0,0,0,0,0
168,1,1,37,6,9,1,11,1,1,71,18,1,1,55,1,15,30,2,10,15,1,10,471,2,0,3,0,0,0,0,0,0,0,0,0,0,0,0,0,0,0,0
169,1,1,37,6,9,1,11,1,1,71,18,1,1,55,1,15,30,2,10,15,1,10,472,2,0,3,0,0,0,0,0,0,0,0,0,0,0,0,0,0,0,0
168,1,1,37,6,9,1,11,1,1,71,18,1,1,55,1,15,30,2,10,15,1,10,471,2,0,3,0,0,0,0,0,0,0,0,0,0,0,0,0,0,0,0
133,1,1,37,6,10,1,10,1,1,71,18,1,1,55,1,15,30,2,10,15,1,10,436,2,0,3,0,0,0,0,0,0,0,0,0,0,0,0,0,0,0,0
168,1,1,37,6,9,1,11,1,1,71,18,1,1,55,1,15,30,2,10,15,1,10,471,2,0,3,0,0,0,0,0,0,0,0,0,0,0,0,0,0,0,0
168,1,1,37,6,9,1,11,1,1,71,18,1,1,55,1,15,30,2,10,15,1,10,471,2,0,3,0,0,0,0,0,0,0,0,0,0,0,0,0,0,0,0
167,1,1,36,6,9,1,11,1,1,71,18,1,1,55,1,15,30,2,10,15,1,10,469,2,0,3,0,0,0,0,0,0,0,0,0,0,0,0,0,0,0,0
168,1,1,36,6,9,1,11,1,1,71,18,1,1,55,1,15,30,2,10,15,1,10,470,2,0,3,0,0,0,0,0,0,0,0,0,0,0,0,0,0,0,0
168,1,1,36,6,9,1,11,1,1,71,18,1,1,55,1,15,30,2,10,15,1,10,470,2,0,3,0,0,0,0,0,0,0,0,0,0,0,0,0,0,0,0
168,1,1,36,6,9,1,11,1,1,71,18,1,1,55,1,15,30,2,10,15,1,10,470,2,0,3,0,0,0,0,0,0,0,0,0,0,0,0,0,0,0,0
168,1,1,36,6,9,1,11,1,1,71,18,1,1,55,1,15,30,2,10,15,1,10,470,2,0,3,0,0,0,0,0,0,0,0,0,0,0,0,0,0,0,0
169,1,1,36,6,9,1,11,1,1,71,18,1,1,55,1,15,30,2,10,15,1,10,471,2,0,3,0,0,0,0,0,0,0,0,0,0,0,0,0,0,0,0
169,1,1,36,6,9,1,11,1,1,71,18,1,1,55,1,15,30,2,10,15,1,10,471,2,0,3,0,0,0,0,0,0,0,0,0,0,0,0,0,0,0,0
133,1,1,36,6,10,1,10,1,1,71,18,1,1,55,1,15,30,2,10,15,1,10,435,2,0,3,0,0,0,0,0,0,0,0,0,0,0,0,0,0,0,0
132,1,1,36,6,10,1,10,1,1,71,18,1,1,55,1,15,30,2,10,15,1,10,434,2,0,3,0,0,0,0,0,0,0,0,0,0,0,0,0,0,0,0
168,1,1,36,6,9,1,11,1,1,71,18,1,1,55,1,15,30,2,10,15,1,10,470,2,0,3,0,0,0,0,0,0,0,0,0,0,0,0,0,0,0,0
167,1,1,36,6,9,1,11,1,1,71,18,1,1,55,1,15,30,2,10,15,1,10,469,2,0,3,0,0,0,0,0,0,0,0,0,0,0,0,0,0,0,0
168,1,1,36,6,9,1,11,1,1,71,18,1,1,55,1,15,30,2,10,15,1,10,470,2,0,3,0,0,0,0,0,0,0,0,0,0,0,0,0,0,0,0
169,1,1,36,6,9,1,11,1,1,71,18,1,1,55,1,15,30,2,10,15,1,10,471,2,0,3,0,0,0,0,0,0,0,0,0,0,0,0,0,0,0,0
133,1,1,36,6,10,1,10,1,1,71,18,1,1,55,1,15,30,2,10,15,1,10,435,2,0,3,0,0,0,0,0,0,0,0,0,0,0,0,0,0,0,0
169,1,1,36,6,9,1,11,1,1,71,18,1,1,55,1,15,30,2,10,15,1,10,471,2,0,3,0,0,0,0,0,0,0,0,0,0,0,0,0,0,0,0
169,1,1,36,6,9,1,11,1,1,71,18,1,1,55,1,15,30,2,10,15,1,10,471,2,0,3,0,0,0,0,0,0,0,0,0,0,0,0,0,0,0,0
168,1,1,36,6,9,1,11,1,1,71,18,1,1,55,1,15,30,2,10,15,1,10,470,2,0,3,0,0,0,0,0,0,0,0,0,0,0,0,0,0,0,0
168,1,1,36,6,9,1,11,1,1,71,18,1,1,55,1,15,30,2,10,15,1,10,470,2,0,3,0,0,0,0,0,0,0,0,0,0,0,0,0,0,0,0
168,1,1,36,6,9,1,11,1,1,71,18,1,1,55,1,15,30,2,10,15,1,10,470,2,0,3,0,0,0,0,0,0,0,0,0,0,0,0,0,0,0,0
167,1,1,36,6,9,1,11,1,1,71,18,1,1,55,1,15,30,2,10,15,1,10,469,2,0,3,0,0,0,0,0,0,0,0,0,0,0,0,0,0,0,0
168,1,1,36,6,9,1,11,1,1,71,18,1,1,55,1,15,30,2,10,15,1,10,470,2,0,3,0,0,0,0,0,0,0,0,0,0,0,0,0,0,0,0
168,1,1,36,6,9,1,11,1,1,71,18,1,1,55,1,15,30,2,10,15,1,10,470,2,0,3,0,0,0,0,0,0,0,0,0,0,0,0,0,0,0,0
167,1,1,36,6,9,1,11,1,1,71,18,1,1,55,1,15,30,2,10,15,1,10,469,2,0,3,0,0,0,0,0,0,0,0,0,0,0,0,0,0,0,0
168,1,1,36,6,9,1,11,1,1,71,18,1,1,55,1,15,30,2,10,15,1,10,470,2,0,3,0,0,0,0,0,0,0,0,0,0,0,0,0,0,0,0
168,1,1,36,6,9,1,11,1,1,71,18,1,1,55,1,15,30,2,10,15,1,10,470,2,0,3,0,0,0,0,0,0,0,0,0,0,0,0,0,0,0,0
168,1,1,36,6,9,1,11,1,1,71,18,1,1,55,1,15,30,2,10,15,1,10,470,2,0,3,0,0,0,0,0,0,0,0,0,0,0,0,0,0,0,0
168,1,1,36,6,9,1,11,1,1,71,18,1,1,55,1,15,30,2,10,15,1,10,470,2,0,3,0,0,0,0,0,0,0,0,0,0,0,0,0,0,0,0
169,1,1,36,6,9,1,11,1,1,71,18,1,1,55,1,15,30,2,10,15,1,10,471,2,0,3,0,0,0,0,0,0,0,0,0,0,0,0,0,0,0,0
168,1,1,36,6,9,1,11,1,1,71,18,1,1,55,1,15,30,2,10,15,1,10,470,2,0,3,0,0,0,0,0,0,0,0,0,0,0,0,0,0,0,0
169,1,1,36,6,9,1,11,1,1,71,18,1,1,55,1,15,30,2,10,15,1,10,471,2,0,3,0,0,0,0,0,0,0,0,0,0,0,0,0,0,0,0
168,1,1,36,6,9,1,11,1,1,71,18,1,1,55,1,15,30,2,10,15,1,10,470,2,0,3,0,0,0,0,0,0,0,0,0,0,0,0,0,0,0,0
168,1,1,36,6,9,1,11,1,1,71,18,1,1,55,1,15,30,2,10,15,1,10,470,2,0,3,0,0,0,0,0,0,0,0,0,0,0,0,0,0,0,0
168,1,1,36,6,9,1,11,1,1,71,18,1,1,55,1,15,30,2,10,15,1,10,470,2,0,3,0,0,0,0,0,0,0,0,0,0,0,0,0,0,0,0
168,1,1,36,6,9,1,11,1,1,71,18,1,1,55,1,15,30,2,10,15,1,10,470,2,0,3,0,0,0,0,0,0,0,0,0,0,0,0,0,0,0,0
169,1,1,36,6,9,1,11,1,1,71,18,1,1,55,1,15,30,2,10,15,1,10,471,2,0,3,0,0,0,0,0,0,0,0,0,0,0,0,0,0,0,0
169,1,1,36,6,9,1,11,1,1,71,18,1,1,55,1,15,30,2,10,15,1,10,471,2,0,3,0,0,0,0,0,0,0,0,0,0,0,0,0,0,0,0
168,1,1,36,6,9,1,11,1,1,71,18,1,1,55,1,15,30,2,10,15,1,10,470,2,0,3,0,0,0,0,0,0,0,0,0,0,0,0,0,0,0,0
169,1,1,36,6,9,1,11,1,1,71,18,1,1,55,1,15,30,2,10,15,1,10,471,2,0,3,0,0,0,0,0,0,0,0,0,0,0,0,0,0,0,0
168,1,1,36,6,9,1,11,1,1,71,18,1,1,55,1,15,30,2,10,15,1,10,470,2,0,3,0,0,0,0,0,0,0,0,0,0,0,0,0,0,0,0
167,1,1,36,6,9,1,11,1,1,71,18,1,1,55,1,15,30,2,10,15,1,10,469,2,0,3,0,0,0,0,0,0,0,0,0,0,0,0,0,0,0,0
168,1,1,36,6,9,1,11,1,1,71,18,1,1,55,1,15,30,2,10,15,1,10,470,2,0,3,0,0,0,0,0,0,0,0,0,0,0,0,0,0,0,0
169,1,1,36,6,9,1,11,1,1,71,18,1,1,55,1,15,30,2,10,15,1,10,471,2,0,3,0,0,0,0,0,0,0,0,0,0,0,0,0,0,0,0
169,1,1,36,6,9,1,11,1,1,71,18,1,1,55,1,15,30,2,10,15,1,10,471,2,0,3,0,0,0,0,0,0,0,0,0,0,0,0,0,0,0,0
164,1,1,36,6,9,1,11,1,1,65,18,1,1,55,1,15,30,2,10,9,1,10,454,2,0,3,0,0,0,0,0,0,0,0,0,0,0,0,0,0,0,0
162,1,1,36,6,9,1,11,1,1,65,18,1,1,55,1,15,30,2,10,9,1,10,452,2,0,3,0,0,0,0,0,0,0,0,0,0,0,0,0,0,0,0
162,1,1,36,6,9,1,11,1,1,65,18,1,1,55,1,15,30,2,10,9,1,10,452,2,0,3,0,0,0,0,0,0,0,0,0,0,0,0,0,0,0,0
164,1,1,36,6,9,1,11,1,1,65,18,1,1,55,1,15,30,2,10,9,1,10,454,2,0,3,0,0,0,0,0,0,0,0,0,0,0,0,0,0,0,0
164,1,1,36,6,9,1,11,1,1,65,18,1,1,55,1,15,30,2,10,9,1,10,454,2,0,3,0,0,0,0,0,0,0,0,0,0,0,0,0,0,0,0
162,1,1,36,6,9,1,11,1,1,65,18,1,1,55,1,15,30,2,10,9,1,10,452,2,0,3,0,0,0,0,0,0,0,0,0,0,0,0,0,0,0,0
161,1,1,36,6,9,1,11,1,1,65,18,1,1,55,1,15,30,2,10,9,1,10,451,2,0,3,0,0,0,0,0,0,0,0,0,0,0,0,0,0,0,0
161,1,1,36,6,9,1,11,1,1,65,18,1,1,55,1,15,30,2,10,9,1,10,451,2,0,3,0,0,0,0,0,0,0,0,0,0,0,0,0,0,0,0
164,1,1,36,6,9,1,11,1,1,65,18,1,1,55,1,15,30,2,10,9,1,10,454,2,0,3,0,0,0,0,0,0,0,0,0,0,0,0,0,0,0,0
162,1,1,36,6,9,1,11,1,1,65,18,1,1,55,1,15,30,2,10,9,1,10,452,2,0,3,0,0,0,0,0,0,0,0,0,0,0,0,0,0,0,0
163,1,1,36,6,9,1,11,1,1,65,18,1,1,55,1,15,30,2,10,9,1,10,453,2,0,3,0,0,0,0,0,0,0,0,0,0,0,0,0,0,0,0
163,1,1,36,6,9,1,11,1,1,65,18,1,1,55,1,15,30,2,10,9,1,10,453,2,0,3,0,0,0,0,0,0,0,0,0,0,0,0,0,0,0,0
162,1,1,36,6,9,1,11,1,1,65,18,1,1,55,1,15,30,2,10,9,1,10,452,2,0,3,0,0,0,0,0,0,0,0,0,0,0,0,0,0,0,0
163,1,1,36,6,9,1,11,1,1,65,18,1,1,55,1,15,30,2,10,9,1,10,453,2,0,3,0,0,0,0,0,0,0,0,0,0,0,0,0,0,0,0
130,1,1,35,6,10,1,10,1,1,65,17,1,1,55,1,15,31,2,10,10,1,10,420,2,0,3,0,0,0,0,0,0,0,0,0,0,0,0,0,0,0,0
165,1,1,36,6,9,1,11,1,1,65,17,1,1,55,1,15,31,2,10,10,1,10,456,2,0,3,0,0,0,0,0,0,0,0,0,0,0,0,0,0,0,0
165,1,1,37,6,9,1,12,1,1,65,19,1,1,56,1,15,32,2,10,10,1,10,462,2,0,3,0,0,0,0,0,0,0,0,0,0,0,0,0,0,0,0
168,1,1,37,6,9,1,12,1,1,65,19,1,1,56,1,15,32,2,10,10,1,10,465,2,0,3,0,0,0,0,0,0,0,0,0,0,0,0,0,0,0,0
166,1,1,37,6,9,1,12,1,1,65,19,1,1,56,1,15,32,2,10,10,1,10,463,2,0,3,0,0,0,0,0,0,0,0,0,0,0,0,0,0,0,0
166,1,1,37,6,9,1,12,1,1,65,19,1,1,56,1,15,32,2,10,10,1,10,463,2,0,3,0,0,0,0,0,0,0,0,0,0,0,0,0,0,0,0
167,1,1,37,6,9,1,12,1,1,65,19,1,1,56,1,15,32,2,10,10,1,10,464,2,0,3,0,0,0,0,0,0,0,0,0,0,0,0,0,0,0,0
167,1,1,37,6,9,1,12,1,1,65,19,1,1,56,1,15,32,2,10,10,1,10,464,2,0,3,0,0,0,0,0,0,0,0,0,0,0,0,0,0,0,0
167,1,1,37,6,9,1,12,1,1,65,19,1,1,56,1,15,32,2,10,10,1,10,464,2,0,3,0,0,0,0,0,0,0,0,0,0,0,0,0,0,0,0
167,1,1,37,6,9,1,12,1,1,65,19,1,1,56,1,15,32,2,10,10,1,10,464,2,0,3,0,0,0,0,0,0,0,0,0,0,0,0,0,0,0,0
166,1,1,37,6,9,1,12,1,1,65,19,1,1,56,1,15,32,2,10,10,1,10,463,2,0,3,0,0,0,0,0,0,0,0,0,0,0,0,0,0,0,0
168,1,1,37,6,9,1,12,1,1,65,19,1,1,56,1,15,32,2,10,10,1,10,465,2,0,3,0,0,0,0,0,0,0,0,0,0,0,0,0,0,0,0
167,1,1,37,6,9,1,12,1,1,65,19,1,1,56,1,15,32,2,10,10,1,10,464,2,0,3,0,0,0,0,0,0,0,0,0,0,0,0,0,0,0,0
168,1,1,37,6,9,1,12,1,1,65,19,1,1,56,1,15,32,2,10,10,1,10,465,2,0,3,0,0,0,0,0,0,0,0,0,0,0,0,0,0,0,0
165,1,1,37,6,9,1,12,1,1,65,19,1,1,56,1,15,32,2,10,10,1,10,462,2,0,3,0,0,0,0,0,0,0,0,0,0,0,0,0,0,0,0
164,1,1,36,6,9,1,11,1,1,65,17,1,1,55,1,15,31,2,10,10,1,10,455,2,0,3,0,0,0,0,0,0,0,0,0,0,0,0,0,0,0,0
164,1,1,36,6,9,1,11,1,1,65,17,1,1,55,1,15,31,2,10,10,1,10,455,2,0,3,0,0,0,0,0,0,0,0,0,0,0,0,0,0,0,0
164,1,1,36,6,9,1,11,1,1,65,17,1,1,55,1,15,31,2,10,10,1,10,455,2,0,3,0,0,0,0,0,0,0,0,0,0,0,0,0,0,0,0
164,1,1,36,6,9,1,11,1,1,65,17,1,1,55,1,15,31,2,10,10,1,10,455,2,0,3,0,0,0,0,0,0,0,0,0,0,0,0,0,0,0,0
163,1,1,36,6,9,1,11,1,1,65,17,1,1,55,1,15,31,2,10,10,1,10,454,2,0,3,0,0,0,0,0,0,0,0,0,0,0,0,0,0,0,0
164,1,1,36,6,9,1,11,1,1,65,17,1,1,55,1,15,31,2,10,10,1,10,455,2,0,3,0,0,0,0,0,0,0,0,0,0,0,0,0,0,0,0
164,1,1,35,6,9,1,11,1,1,65,17,1,1,55,1,15,31,2,10,10,1,10,454,2,0,3,0,0,0,0,0,0,0,0,0,0,0,0,0,0,0,0
164,1,1,35,6,9,1,11,1,1,65,17,1,1,55,1,15,31,2,10,10,1,10,454,2,0,3,0,0,0,0,0,0,0,0,0,0,0,0,0,0,0,0
164,1,1,35,6,9,1,11,1,1,65,17,1,1,55,1,15,31,2,10,10,1,10,454,2,0,3,0,0,0,0,0,0,0,0,0,0,0,0,0,0,0,0
163,1,1,35,6,9,1,11,1,1,65,17,1,1,55,1,15,31,2,10,10,1,10,453,2,0,3,0,0,0,0,0,0,0,0,0,0,0,0,0,0,0,0
165,1,1,35,6,9,1,11,1,1,65,17,1,1,55,1,15,31,2,10,10,1,10,455,2,0,3,0,0,0,0,0,0,0,0,0,0,0,0,0,0,0,0
165,1,1,35,6,9,1,11,1,1,65,17,1,1,55,1,15,31,2,10,10,1,10,455,2,0,3,0,0,0,0,0,0,0,0,0,0,0,0,0,0,0,0
166,1,1,35,6,9,1,11,1,1,65,17,1,1,55,1,15,31,2,10,10,1,10,456,2,0,3,0,0,0,0,0,0,0,0,0,0,0,0,0,0,0,0
162,1,1,35,6,9,1,11,1,1,65,17,1,1,55,1,15,30,2,10,9,1,9,449,2,0,3,0,0,0,0,0,0,0,0,0,0,0,0,0,0,0,0
160,1,1,35,6,9,1,11,1,1,65,17,1,1,55,1,15,30,2,10,9,1,9,447,2,0,3,0,0,0,0,0,0,0,0,0,0,0,0,0,0,0,0
165,1,1,35,6,9,1,11,1,1,65,17,1,1,55,1,15,30,2,10,9,1,9,452,2,0,3,0,0,0,0,0,0,0,0,0,0,0,0,0,0,0,0
165,1,1,35,6,9,1,11,1,1,65,17,1,1,55,1,15,30,2,10,9,1,9,452,2,0,3,0,0,0,0,0,0,0,0,0,0,0,0,0,0,0,0
164,1,1,35,6,9,1,11,1,1,65,17,1,1,55,1,15,30,2,10,9,1,9,451,2,0,3,0,0,0,0,0,0,0,0,0,0,0,0,0,0,0,0
163,1,1,35,6,9,1,11,1,1,65,17,1,1,55,1,15,30,2,10,9,1,9,450,2,0,3,0,0,0,0,0,0,0,0,0,0,0,0,0,0,0,0
164,1,1,35,6,9,1,11,1,1,65,17,1,1,55,1,15,30,2,10,9,1,9,451,2,0,3,0,0,0,0,0,0,0,0,0,0,0,0,0,0,0,0
163,1,1,35,6,9,1,11,1,1,65,17,1,1,55,1,15,30,2,10,9,1,9,450,2,0,3,0,0,0,0,0,0,0,0,0,0,0,0,0,0,0,0
163,1,1,35,6,9,1,11,1,1,65,17,1,1,55,1,15,30,2,10,9,1,9,450,2,0,3,0,0,0,0,0,0,0,0,0,0,0,0,0,0,0,0
163,1,1,35,6,9,1,11,1,1,65,17,1,1,55,1,15,30,2,10,9,1,9,450,2,0,3,0,0,0,0,0,0,0,0,0,0,0,0,0,0,0,0
162,1,1,35,6,9,1,11,1,1,65,17,1,1,55,1,15,30,2,10,9,1,9,449,2,0,3,0,0,0,0,0,0,0,0,0,0,0,0,0,0,0,0
164,1,1,35,6,9,1,11,1,1,65,17,1,1,55,1,15,30,2,10,9,1,9,451,2,0,3,0,0,0,0,0,0,0,0,0,0,0,0,0,0,0,0
163,1,1,35,6,9,1,11,1,1,65,17,1,1,55,1,15,30,2,10,9,1,9,450,2,0,3,0,0,0,0,0,0,0,0,0,0,0,0,0,0,0,0
163,1,1,35,6,9,1,11,1,1,65,17,1,1,55,1,15,30,2,10,9,1,9,450,2,0,3,0,0,0,0,0,0,0,0,0,0,0,0,0,0,0,0
164,1,1,35,6,9,1,11,1,1,65,17,1,1,55,1,15,30,2,10,9,1,9,451,2,0,3,0,0,0,0,0,0,0,0,0,0,0,0,0,0,0,0
164,1,1,35,6,9,1,11,1,1,65,17,1,1,55,1,15,30,2,10,9,1,9,451,2,0,3,0,0,0,0,0,0,0,0,0,0,0,0,0,0,0,0
163,1,1,35,6,9,1,11,1,1,65,17,1,1,55,1,15,30,2,10,9,1,9,450,2,0,3,0,0,0,0,0,0,0,0,0,0,0,0,0,0,0,0
163,1,1,35,6,9,1,11,1,1,65,17,1,1,55,1,15,30,2,10,9,1,9,450,2,0,3,0,0,0,0,0,0,0,0,0,0,0,0,0,0,0,0
162,1,1,35,6,9,1,11,1,1,65,17,1,1,55,1,15,30,2,10,9,1,9,449,2,0,3,0,0,0,0,0,0,0,0,0,0,0,0,0,0,0,0
165,1,1,35,6,9,1,11,1,1,65,17,1,1,55,1,15,30,2,10,9,1,9,452,2,0,3,0,0,0,0,0,0,0,0,0,0,0,0,0,0,0,0
164,1,1,35,6,9,1,11,1,1,65,17,1,1,55,1,15,30,2,10,9,1,9,451,2,0,3,0,0,0,0,0,0,0,0,0,0,0,0,0,0,0,0
164,1,1,35,6,9,1,11,1,1,65,17,1,1,55,1,15,30,2,10,9,1,9,451,2,0,3,0,0,0,0,0,0,0,0,0,0,0,0,0,0,0,0
162,1,1,35,6,9,1,11,1,1,65,17,1,1,55,1,15,30,2,10,9,1,9,449,2,0,3,0,0,0,0,0,0,0,0,0,0,0,0,0,0,0,0
163,1,1,35,6,9,1,11,1,1,65,17,1,1,55,1,15,30,2,10,9,1,9,450,2,0,3,0,0,0,0,0,0,0,0,0,0,0,0,0,0,0,0
163,1,1,35,6,9,1,11,1,1,65,17,1,1,55,1,15,30,2,10,9,1,9,450,2,0,3,0,0,0,0,0,0,0,0,0,0,0,0,0,0,0,0
163,1,1,35,6,9,1,11,1,1,65,17,1,1,55,1,15,30,2,10,9,1,9,450,2,0,3,0,0,0,0,0,0,0,0,0,0,0,0,0,0,0,0
162,1,1,35,6,9,1,11,1,1,65,17,1,1,55,1,15,30,2,10,9,1,9,449,2,0,3,0,0,0,0,0,0,0,0,0,0,0,0,0,0,0,0
163,1,1,35,6,9,1,11,1,1,65,17,1,1,55,1,15,30,2,10,9,1,9,450,2,0,3,0,0,0,0,0,0,0,0,0,0,0,0,0,0,0,0
163,1,1,35,6,9,1,11,1,1,65,17,1,1,55,1,15,30,2,10,9,1,9,450,2,0,3,0,0,0,0,0,0,0,0,0,0,0,0,0,0,0,0
164,1,1,35,6,9,1,11,1,1,65,17,1,1,55,1,15,30,2,10,9,1,9,451,2,0,3,0,0,0,0,0,0,0,0,0,0,0,0,0,0,0,0
164,1,1,35,6,9,1,11,1,1,65,17,1,1,55,1,15,30,2,10,9,1,9,451,2,0,3,0,0,0,0,0,0,0,0,0,0,0,0,0,0,0,0
164,1,1,35,6,9,1,11,1,1,65,17,1,1,55,1,15,30,2,10,9,1,9,451,2,0,3,0,0,0,0,0,0,0,0,0,0,0,0,0,0,0,0
163,1,1,35,6,9,1,11,1,1,65,17,1,1,55,1,15,30,2,10,9,1,9,450,2,0,3,0,0,0,0,0,0,0,0,0,0,0,0,0,0,0,0
164,1,1,35,6,9,1,11,1,1,65,17,1,1,55,1,15,30,2,10,9,1,9,451,2,0,3,0,0,0,0,0,0,0,0,0,0,0,0,0,0,0,0
163,1,1,35,6,9,1,11,1,1,65,17,1,1,55,1,15,30,2,10,9,1,9,450,2,0,3,0,0,0,0,0,0,0,0,0,0,0,0,0,0,0,0
164,1,1,35,6,9,1,11,1,1,65,17,1,1,55,1,15,30,2,10,9,1,9,451,2,0,3,0,0,0,0,0,0,0,0,0,0,0,0,0,0,0,0
163,1,1,35,6,9,1,11,1,1,65,17,1,1,55,1,15,30,2,10,9,1,9,450,2,0,3,0,0,0,0,0,0,0,0,0,0,0,0,0,0,0,0
164,1,1,35,6,9,1,11,1,1,65,17,1,1,55,1,15,30,2,10,9,1,9,451,2,0,3,0,0,0,0,0,0,0,0,0,0,0,0,0,0,0,0
162,1,1,35,6,9,1,11,1,1,63,16,1,1,54,1,15,30,2,10,9,1,9,445,2,0,3,0,0,0,0,0,0,0,0,0,0,0,0,0,0,0,0
161,1,1,35,6,9,1,11,1,1,63,16,1,1,54,1,15,30,2,10,9,1,9,444,2,0,3,0,0,0,0,0,0,0,0,0,0,0,0,0,0,0,0
162,1,1,35,6,9,1,11,1,1,63,16,1,1,54,1,15,30,2,10,9,1,9,445,2,0,3,0,0,0,0,0,0,0,0,0,0,0,0,0,0,0,0
163,1,1,35,6,9,1,11,1,1,63,16,1,1,54,1,15,30,2,10,9,1,9,446,2,0,3,0,0,0,0,0,0,0,0,0,0,0,0,0,0,0,0
163,1,1,35,6,9,1,11,1,1,63,16,1,1,54,1,15,30,2,10,9,1,9,446,2,0,3,0,0,0,0,0,0,0,0,0,0,0,0,0,0,0,0
161,1,1,35,6,9,1,11,1,1,63,16,1,1,54,1,15,30,2,10,7,1,9,442,2,0,3,0,0,0,0,0,0,0,0,0,0,0,0,0,0,0,0
166,1,1,40,6,9,1,11,1,1,63,16,1,1,54,1,15,30,2,10,7,1,9,452,2,0,3,0,0,0,0,0,0,0,0,0,0,0,0,0,0,0,0
161,1,1,35,6,9,1,11,1,1,63,16,1,1,54,1,15,30,2,10,7,1,9,442,2,0,3,0,0,0,0,0,0,0,0,0,0,0,0,0,0,0,0
160,1,1,35,6,9,1,11,1,1,63,16,1,1,54,1,15,30,2,10,7,1,9,441,2,0,3,0,0,0,0,0,0,0,0,0,0,0,0,0,0,0,0
159,1,1,35,6,9,1,11,1,1,63,16,1,1,54,1,15,30,2,10,7,1,9,440,2,0,3,0,0,0,0,0,0,0,0,0,0,0,0,0,0,0,0
158,1,1,35,6,9,1,11,1,1,63,16,1,1,54,1,15,30,2,10,7,1,9,439,2,0,3,0,0,0,0,0,0,0,0,0,0,0,0,0,0,0,0
159,1,1,35,6,9,1,11,1,1,63,16,1,1,54,1,15,30,2,10,7,1,9,440,2,0,3,0,0,0,0,0,0,0,0,0,0,0,0,0,0,0,0
158,1,1,35,6,9,1,11,1,1,63,16,1,1,54,1,15,30,2,10,7,1,9,439,2,0,3,0,0,0,0,0,0,0,0,0,0,0,0,0,0,0,0
159,1,1,35,6,9,1,11,1,1,63,16,1,1,54,1,15,30,2,10,7,1,9,440,2,0,3,0,0,0,0,0,0,0,0,0,0,0,0,0,0,0,0
158,1,1,35,6,9,1,11,1,1,63,16,1,1,54,1,15,30,2,10,7,1,9,439,2,0,3,0,0,0,0,0,0,0,0,0,0,0,0,0,0,0,0
159,1,1,35,6,9,1,11,1,1,63,16,1,1,54,1,15,30,2,10,7,1,9,440,2,0,3,0,0,0,0,0,0,0,0,0,0,0,0,0,0,0,0
158,1,1,35,6,9,1,11,1,1,63,16,1,1,54,1,15,30,2,10,7,1,9,439,2,0,3,0,0,0,0,0,0,0,0,0,0,0,0,0,0,0,0
158,1,1,35,6,9,1,11,1,1,63,16,1,1,54,1,15,30,2,10,7,1,9,439,2,0,3,0,0,0,0,0,0,0,0,0,0,0,0,0,0,0,0
158,1,1,35,6,9,1,11,1,1,63,16,1,1,54,1,15,30,2,10,7,1,9,439,2,0,3,0,0,0,0,0,0,0,0,0,0,0,0,0,0,0,0
158,1,1,35,6,9,1,11,1,1,63,16,1,1,54,1,15,30,2,10,7,1,9,439,2,0,3,0,0,0,0,0,0,0,0,0,0,0,0,0,0,0,0
158,1,1,35,6,9,1,11,1,1,63,16,1,1,54,1,15,30,2,10,7,1,9,439,2,0,3,0,0,0,0,0,0,0,0,0,0,0,0,0,0,0,0
158,1,1,35,6,9,1,11,1,1,63,16,1,1,54,1,15,30,2,10,7,1,9,439,2,0,3,0,0,0,0,0,0,0,0,0,0,0,0,0,0,0,0
159,1,1,35,6,9,1,11,1,1,63,16,1,1,54,1,15,30,2,10,7,1,9,440,2,0,3,0,0,0,0,0,0,0,0,0,0,0,0,0,0,0,0
159,1,1,35,6,9,1,11,1,1,63,16,1,1,54,1,15,30,2,10,7,1,9,440,2,0,3,0,0,0,0,0,0,0,0,0,0,0,0,0,0,0,0
159,1,1,35,6,9,1,11,1,1,63,16,1,1,54,1,15,30,2,10,7,1,9,440,2,0,3,0,0,0,0,0,0,0,0,0,0,0,0,0,0,0,0
158,1,1,35,6,9,1,11,1,1,63,16,1,1,54,1,15,30,2,10,7,1,9,439,2,0,3,0,0,0,0,0,0,0,0,0,0,0,0,0,0,0,0
159,1,1,35,6,9,1,11,1,1,63,16,1,1,54,1,15,30,2,10,7,1,9,440,2,0,3,0,0,0,0,0,0,0,0,0,0,0,0,0,0,0,0
158,1,1,35,6,9,1,11,1,1,63,16,1,1,54,1,15,30,2,10,7,1,9,439,2,0,3,0,0,0,0,0,0,0,0,0,0,0,0,0,0,0,0
158,1,1,35,6,9,1,11,1,1,63,16,1,1,54,1,15,30,2,10,7,1,9,439,2,0,3,0,0,0,0,0,0,0,0,0,0,0,0,0,0,0,0
158,1,1,35,6,9,1,11,1,1,63,16,1,1,54,1,15,30,2,10,7,1,9,439,2,0,3,0,0,0,0,0,0,0,0,0,0,0,0,0,0,0,0
159,1,1,35,6,9,1,11,1,1,63,16,1,1,54,1,15,30,2,10,7,1,9,440,2,0,3,0,0,0,0,0,0,0,0,0,0,0,0,0,0,0,0
158,1,1,35,6,9,1,11,1,1,63,16,1,1,54,1,15,30,2,10,7,1,9,439,2,0,3,0,0,0,0,0,0,0,0,0,0,0,0,0,0,0,0
158,1,1,35,6,9,1,11,1,1,63,16,1,1,54,1,15,30,2,10,7,1,9,439,2,0,3,0,0,0,0,0,0,0,0,0,0,0,0,0,0,0,0
159,1,1,35,6,9,1,11,1,1,63,16,1,1,54,1,15,30,2,10,7,1,9,440,2,0,3,0,0,0,0,0,0,0,0,0,0,0,0,0,0,0,0
158,1,1,35,6,9,1,11,1,1,63,16,1,1,54,1,15,30,2,10,7,1,9,439,2,0,3,0,0,0,0,0,0,0,0,0,0,0,0,0,0,0,0
159,1,1,35,6,9,1,11,1,1,63,16,1,1,54,1,15,30,2,10,7,1,9,440,2,0,3,0,0,0,0,0,0,0,0,0,0,0,0,0,0,0,0
159,1,1,35,6,9,1,11,1,1,63,16,1,1,54,1,15,30,2,10,7,1,9,440,2,0,3,0,0,0,0,0,0,0,0,0,0,0,0,0,0,0,0
159,1,1,35,6,9,1,11,1,1,63,16,1,1,54,1,15,30,2,10,7,1,9,440,2,0,3,0,0,0,0,0,0,0,0,0,0,0,0,0,0,0,0
158,1,1,35,6,9,1,11,1,1,63,16,1,1,54,1,15,30,2,10,7,1,9,439,2,0,3,0,0,0,0,0,0,0,0,0,0,0,0,0,0,0,0
158,1,1,35,6,9,1,11,1,1,63,16,1,1,54,1,15,30,2,10,7,1,9,439,2,0,3,0,0,0,0,0,0,0,0,0,0,0,0,0,0,0,0
158,1,1,35,6,9,1,11,1,1,63,16,1,1,54,1,15,30,2,10,7,1,9,439,2,0,3,0,0,0,0,0,0,0,0,0,0,0,0,0,0,0,0
158,1,1,35,6,9,1,11,1,1,63,16,1,1,54,1,15,30,2,10,7,1,9,439,2,0,3,0,0,0,0,0,0,0,0,0,0,0,0,0,0,0,0
158,1,1,35,6,9,1,11,1,1,63,16,1,1,54,1,15,30,2,10,7,1,9,439,2,0,3,0,0,0,0,0,0,0,0,0,0,0,0,0,0,0,0
159,1,1,35,6,9,1,11,1,1,63,16,1,1,54,1,15,30,2,10,7,1,9,440,2,0,3,0,0,0,0,0,0,0,0,0,0,0,0,0,0,0,0
159,1,1,35,6,9,1,11,1,1,63,16,1,1,54,1,15,30,2,10,7,1,9,440,2,0,3,0,0,0,0,0,0,0,0,0,0,0,0,0,0,0,0
158,1,1,35,6,9,1,11,1,1,63,16,1,1,54,1,15,30,2,10,7,1,9,439,2,0,3,0,0,0,0,0,0,0,0,0,0,0,0,0,0,0,0
159,1,1,35,6,9,1,11,1,1,63,16,1,1,54,1,15,30,2,10,7,1,9,440,2,0,3,0,0,0,0,0,0,0,0,0,0,0,0,0,0,0,0
158,1,1,35,6,9,1,11,1,1,63,16,1,1,54,1,15,30,2,10,7,1,9,439,2,0,3,0,0,0,0,0,0,0,0,0,0,0,0,0,0,0,0
158,1,1,35,6,9,1,11,1,1,63,16,1,1,54,1,15,30,2,10,7,1,9,439,2,0,3,0,0,0,0,0,0,0,0,0,0,0,0,0,0,0,0
158,1,1,35,6,9,1,11,1,1,63,16,1,1,54,1,15,30,2,10,7,1,9,439,2,0,3,0,0,0,0,0,0,0,0,0,0,0,0,0,0,0,0
159,1,1,35,6,9,1,11,1,1,63,16,1,1,54,1,15,30,2,10,7,1,9,440,2,0,3,0,0,0,0,0,0,0,0,0,0,0,0,0,0,0,0
159,1,1,35,6,9,1,11,1,1,63,16,1,1,54,1,15,30,2,10,7,1,9,440,2,0,3,0,0,0,0,0,0,0,0,0,0,0,0,0,0,0,0
160,1,1,35,6,9,1,11,1,1,63,16,1,1,54,1,15,30,2,10,9,1,9,443,2,0,3,0,0,0,0,0,0,0,0,0,0,0,0,0,0,0,0
160,1,1,35,6,9,1,11,1,1,63,16,1,1,54,1,15,30,2,10,9,1,9,443,2,0,3,0,0,0,0,0,0,0,0,0,0,0,0,0,0,0,0
159,1,1,35,6,9,1,11,1,1,63,16,1,1,54,1,15,30,2,10,7,1,9,440,2,0,3,0,0,0,0,0,0,0,0,0,0,0,0,0,0,0,0
160,1,1,35,6,9,1,11,1,1,63,16,1,1,54,1,15,30,2,10,7,1,9,441,2,0,3,0,0,0,0,0,0,0,0,0,0,0,0,0,0,0,0
158,1,1,35,6,9,1,11,1,1,63,16,1,1,54,1,15,30,2,10,7,1,9,439,2,0,3,0,0,0,0,0,0,0,0,0,0,0,0,0,0,0,0
159,1,1,35,6,9,1,11,1,1,63,16,1,1,54,1,15,30,2,10,7,1,9,440,2,0,3,0,0,0,0,0,0,0,0,0,0,0,0,0,0,0,0
158,1,1,35,6,9,1,11,1,1,63,16,1,1,54,1,15,30,2,10,7,1,9,439,2,0,3,0,0,0,0,0,0,0,0,0,0,0,0,0,0,0,0
158,1,1,35,6,9,1,11,1,1,63,16,1,1,54,1,15,30,2,10,7,1,9,439,2,0,3,0,0,0,0,0,0,0,0,0,0,0,0,0,0,0,0
159,1,1,35,6,9,1,11,1,1,63,16,1,1,54,1,15,30,2,10,7,1,9,440,2,0,3,0,0,0,0,0,0,0,0,0,0,0,0,0,0,0,0
159,1,1,35,6,9,1,11,1,1,63,16,1,1,54,1,15,30,2,10,7,1,9,440,2,0,3,0,0,0,0,0,0,0,0,0,0,0,0,0,0,0,0
156,1,1,35,6,9,1,11,1,1,60,15,1,1,54,1,15,30,2,10,5,1,9,431,2,0,3,0,0,0,0,0,0,0,0,0,0,0,0,0,0,0,0
157,1,1,35,6,9,1,11,1,1,60,15,1,1,54,1,15,30,2,10,5,1,9,432,2,0,3,0,0,0,0,0,0,0,0,0,0,0,0,0,0,0,0
157,1,1,35,6,9,1,11,1,1,60,15,1,1,54,1,15,30,2,10,5,1,9,432,2,0,3,0,0,0,0,0,0,0,0,0,0,0,0,0,0,0,0
163,1,1,40,6,9,1,11,1,1,63,16,1,1,54,1,15,30,2,10,5,1,9,447,2,0,3,0,0,0,0,0,0,0,0,0,0,0,0,0,0,0,0
156,1,1,35,6,9,1,11,1,1,60,15,1,1,54,1,15,30,2,10,5,1,9,431,2,0,3,0,0,0,0,0,0,0,0,0,0,0,0,0,0,0,0
157,1,1,35,6,9,1,11,1,1,60,15,1,1,54,1,15,30,2,10,5,1,9,432,2,0,3,0,0,0,0,0,0,0,0,0,0,0,0,0,0,0,0
157,1,1,35,6,9,1,11,1,1,60,15,1,1,54,1,15,30,2,10,5,1,9,432,2,0,3,0,0,0,0,0,0,0,0,0,0,0,0,0,0,0,0
156,1,1,35,6,9,1,11,1,1,60,15,1,1,54,1,15,30,2,10,5,1,9,431,2,0,3,0,0,0,0,0,0,0,0,0,0,0,0,0,0,0,0
156,1,1,35,6,9,1,11,1,1,60,15,1,1,54,1,15,30,2,10,5,1,9,431,2,0,3,0,0,0,0,0,0,0,0,0,0,0,0,0,0,0,0
156,1,1,35,6,9,1,11,1,1,60,15,1,1,54,1,15,30,2,10,5,1,9,431,2,0,3,0,0,0,0,0,0,0,0,0,0,0,0,0,0,0,0
155,1,1,35,6,9,1,11,1,1,60,15,1,1,54,1,15,30,2,10,5,1,9,430,2,0,3,0,0,0,0,0,0,0,0,0,0,0,0,0,0,0,0
157,1,1,34,6,9,1,11,1,1,60,15,1,1,54,1,15,30,2,10,5,1,9,431,2,0,3,0,0,0,0,0,0,0,0,0,0,0,0,0,0,0,0
156,1,1,34,6,9,1,11,1,1,60,15,1,1,54,1,15,30,2,10,5,1,9,430,2,0,3,0,0,0,0,0,0,0,0,0,0,0,0,0,0,0,0
155,1,1,34,6,9,1,11,1,1,60,15,1,1,54,1,15,30,2,10,5,1,9,429,2,0,3,0,0,0,0,0,0,0,0,0,0,0,0,0,0,0,0
155,1,1,34,6,9,1,11,1,1,60,15,1,1,54,1,15,30,2,10,5,1,9,429,2,0,3,0,0,0,0,0,0,0,0,0,0,0,0,0,0,0,0
156,1,1,34,6,9,1,11,1,1,60,15,1,1,54,1,15,30,2,10,5,1,9,430,2,0,3,0,0,0,0,0,0,0,0,0,0,0,0,0,0,0,0
156,1,1,34,6,9,1,11,1,1,60,15,1,1,54,1,15,30,2,10,5,1,9,430,2,0,3,0,0,0,0,0,0,0,0,0,0,0,0,0,0,0,0
157,1,1,34,6,9,1,11,1,1,60,16,1,1,54,1,15,30,2,10,5,1,9,432,2,0,3,0,0,0,0,0,0,0,0,0,0,0,0,0,0,0,0
155,1,1,34,6,9,1,11,1,1,60,15,1,1,54,1,15,30,2,10,5,1,9,429,2,0,3,0,0,0,0,0,0,0,0,0,0,0,0,0,0,0,0
156,1,1,34,6,9,1,11,1,1,60,15,1,1,54,1,15,30,2,10,5,1,9,430,2,0,3,0,0,0,0,0,0,0,0,0,0,0,0,0,0,0,0
155,1,1,34,6,9,1,11,1,1,60,15,1,1,54,1,15,30,2,10,5,1,9,429,2,0,3,0,0,0,0,0,0,0,0,0,0,0,0,0,0,0,0
155,1,1,34,6,9,1,11,1,1,60,16,1,1,54,1,15,30,2,10,5,1,9,430,2,0,3,0,0,0,0,0,0,0,0,0,0,0,0,0,0,0,0
155,1,1,34,6,9,1,11,1,1,60,15,1,1,54,1,15,30,2,10,5,1,9,429,2,0,3,0,0,0,0,0,0,0,0,0,0,0,0,0,0,0,0
155,1,1,34,6,9,1,11,1,1,60,16,1,1,54,1,15,30,2,10,5,1,9,430,2,0,3,0,0,0,0,0,0,0,0,0,0,0,0,0,0,0,0
156,1,1,34,6,9,1,11,1,1,60,15,1,1,54,1,15,30,2,10,5,1,9,430,2,0,3,0,0,0,0,0,0,0,0,0,0,0,0,0,0,0,0
155,1,1,34,6,9,1,11,1,1,60,15,1,1,54,1,15,30,2,10,5,1,9,429,2,0,3,0,0,0,0,0,0,0,0,0,0,0,0,0,0,0,0
160,1,1,39,6,9,1,11,1,1,60,15,1,1,54,1,15,30,2,10,5,1,9,439,2,0,3,0,0,0,0,0,0,0,0,0,0,0,0,0,0,0,0
155,1,1,34,6,9,1,11,1,1,60,16,1,1,54,1,15,30,2,10,5,1,9,430,2,0,3,0,0,0,0,0,0,0,0,0,0,0,0,0,0,0,0
155,1,1,34,6,9,1,11,1,1,60,15,1,1,54,1,15,30,2,10,5,1,9,429,2,0,3,0,0,0,0,0,0,0,0,0,0,0,0,0,0,0,0
156,1,1,34,6,9,1,11,1,1,60,15,1,1,54,1,15,30,2,10,5,1,9,430,2,0,3,0,0,0,0,0,0,0,0,0,0,0,0,0,0,0,0
49,1,1,11,2,2,1,2,0,1,9,0,0,0,3,0,0,2,0,0,0,0,0,87,2,0,0,1,0,0,0,0,0,0,0,0,0,0,0,0,0,0,0
160,1,1,39,6,9,1,11,1,1,60,15,1,1,54,1,15,30,2,10,5,1,9,439,2,0,3,0,0,0,0,0,0,0,0,0,0,0,0,0,0,0,0
156,1,1,34,6,9,1,11,1,1,60,15,1,1,54,1,15,30,2,10,5,1,9,430,2,0,3,0,0,0,0,0,0,0,0,0,0,0,0,0,0,0,0
157,1,1,34,6,9,1,11,1,1,62,15,1,1,54,1,15,30,2,10,6,1,9,434,2,0,3,0,0,0,0,0,0,0,0,0,0,0,0,0,0,0,0
157,1,1,34,6,9,1,11,1,1,62,15,1,1,54,1,15,30,2,10,6,1,9,434,2,0,3,0,0,0,0,0,0,0,0,0,0,0,0,0,0,0,0
158,1,1,34,6,9,1,11,1,1,62,16,1,1,54,1,15,30,2,10,6,1,9,436,2,0,3,0,0,0,0,0,0,0,0,0,0,0,0,0,0,0,0
157,1,1,34,6,9,1,11,1,1,62,15,1,1,54,1,15,30,2,10,6,1,9,434,2,0,3,0,0,0,0,0,0,0,0,0,0,0,0,0,0,0,0
159,1,1,34,6,9,1,11,1,1,62,15,1,1,54,1,15,30,2,10,6,1,9,436,2,0,3,0,0,0,0,0,0,0,0,0,0,0,0,0,0,0,0
158,1,1,34,6,9,1,11,1,1,62,15,1,1,54,1,15,30,2,10,6,1,9,435,2,0,3,0,0,0,0,0,0,0,0,0,0,0,0,0,0,0,0
158,1,1,34,6,9,1,11,1,1,62,15,1,1,54,1,15,30,2,10,6,1,9,435,2,0,3,0,0,0,0,0,0,0,0,0,0,0,0,0,0,0,0
158,1,1,34,6,9,1,11,1,1,62,15,1,1,54,1,15,30,2,10,6,1,9,435,2,0,3,0,0,0,0,0,0,0,0,0,0,0,0,0,0,0,0
158,1,1,34,6,9,1,11,1,1,62,15,1,1,54,1,15,30,2,10,6,1,9,435,2,0,3,0,0,0,0,0,0,0,0,0,0,0,0,0,0,0,0
158,1,1,34,6,9,1,11,1,1,62,15,1,1,54,1,15,30,2,10,6,1,9,435,2,0,3,0,0,0,0,0,0,0,0,0,0,0,0,0,0,0,0
158,1,1,34,6,9,1,11,1,1,62,15,1,1,54,1,15,30,2,10,6,1,9,435,2,0,3,0,0,0,0,0,0,0,0,0,0,0,0,0,0,0,0
158,1,1,34,6,9,1,11,1,1,62,15,1,1,54,1,15,30,2,10,6,1,9,435,2,0,3,0,0,0,0,0,0,0,0,0,0,0,0,0,0,0,0
158,1,1,34,6,9,1,11,1,1,62,15,1,1,54,1,15,30,2,10,6,1,9,435,2,0,3,0,0,0,0,0,0,0,0,0,0,0,0,0,0,0,0
157,1,1,34,6,9,1,11,1,1,62,15,1,1,54,1,15,30,2,10,6,1,9,434,2,0,3,0,0,0,0,0,0,0,0,0,0,0,0,0,0,0,0
158,1,1,34,6,9,1,11,1,1,62,15,1,1,54,1,15,30,2,10,6,1,9,435,2,0,3,0,0,0,0,0,0,0,0,0,0,0,0,0,0,0,0
158,1,1,34,6,9,1,11,1,1,62,15,1,1,54,1,15,30,2,10,6,1,9,435,2,0,3,0,0,0,0,0,0,0,0,0,0,0,0,0,0,0,0
158,1,1,34,6,9,1,11,1,1,62,15,1,1,54,1,15,30,2,10,6,1,9,435,2,0,3,0,0,0,0,0,0,0,0,0,0,0,0,0,0,0,0
159,1,1,34,6,9,1,11,1,1,62,15,1,1,54,1,15,30,2,10,6,1,9,436,2,0,3,0,0,0,0,0,0,0,0,0,0,0,0,0,0,0,0
158,1,1,34,6,9,1,11,1,1,62,15,1,1,54,1,15,30,2,10,6,1,9,435,2,0,3,0,0,0,0,0,0,0,0,0,0,0,0,0,0,0,0
158,1,1,34,6,9,1,11,1,1,62,15,1,1,54,1,15,30,2,10,6,1,9,435,2,0,3,0,0,0,0,0,0,0,0,0,0,0,0,0,0,0,0
157,1,1,34,6,9,1,11,1,1,62,15,1,1,54,1,15,30,2,10,6,1,9,434,2,0,3,0,0,0,0,0,0,0,0,0,0,0,0,0,0,0,0
158,1,1,34,6,9,1,11,1,1,62,16,1,1,54,1,15,30,2,10,6,1,9,436,2,0,3,0,0,0,0,0,0,0,0,0,0,0,0,0,0,0,0
158,1,1,34,6,9,1,11,1,1,62,15,1,1,54,1,15,30,2,10,6,1,9,435,2,0,3,0,0,0,0,0,0,0,0,0,0,0,0,0,0,0,0
157,1,1,34,6,9,1,11,1,1,62,15,1,1,54,1,15,30,2,10,6,1,9,434,2,0,3,0,0,0,0,0,0,0,0,0,0,0,0,0,0,0,0
160,1,1,34,6,9,1,11,1,1,62,15,1,1,54,1,15,30,2,10,6,1,9,437,2,0,3,0,0,0,0,0,0,0,0,0,0,0,0,0,0,0,0
159,1,1,35,6,9,1,12,1,1,62,17,1,1,55,1,15,31,2,10,6,1,9,442,2,0,3,0,0,0,0,0,0,0,0,0,0,0,0,0,0,0,0
160,1,1,35,6,9,1,12,1,1,62,17,1,1,55,1,15,31,2,10,6,1,9,443,2,0,3,0,0,0,0,0,0,0,0,0,0,0,0,0,0,0,0
159,1,1,35,6,9,1,12,1,1,62,17,1,1,55,1,15,31,2,10,6,1,9,442,2,0,3,0,0,0,0,0,0,0,0,0,0,0,0,0,0,0,0
160,1,1,35,6,9,1,12,1,1,62,17,1,1,55,1,15,31,2,10,6,1,9,443,2,0,3,0,0,0,0,0,0,0,0,0,0,0,0,0,0,0,0
159,1,1,35,6,9,1,11,1,1,62,17,1,1,55,1,15,30,2,10,6,1,9,440,2,0,3,0,0,0,0,0,0,0,0,0,0,0,0,0,0,0,0
159,1,1,35,6,9,1,11,1,1,62,16,1,1,55,1,15,30,2,10,6,1,9,439,2,0,3,0,0,0,0,0,0,0,0,0,0,0,0,0,0,0,0
161,1,1,35,6,9,1,11,1,1,62,16,1,1,55,1,15,30,2,10,6,1,9,441,2,0,3,0,0,0,0,0,0,0,0,0,0,0,0,0,0,0,0
160,1,1,35,6,9,1,11,1,1,62,16,1,1,55,1,15,30,2,10,6,1,9,440,2,0,3,0,0,0,0,0,0,0,0,0,0,0,0,0,0,0,0
160,1,1,35,6,9,1,11,1,1,62,16,1,1,55,1,15,30,2,10,6,1,9,440,2,0,3,0,0,0,0,0,0,0,0,0,0,0,0,0,0,0,0
160,1,1,35,6,9,1,11,1,1,62,16,1,1,55,1,15,30,2,10,6,1,9,440,2,0,3,0,0,0,0,0,0,0,0,0,0,0,0,0,0,0,0
160,1,1,35,6,9,1,11,1,1,62,16,1,1,55,1,15,30,2,10,6,1,9,440,2,0,3,0,0,0,0,0,0,0,0,0,0,0,0,0,0,0,0
158,1,1,35,6,9,1,11,1,1,62,16,1,1,55,1,15,30,2,10,6,1,9,438,2,0,3,0,0,0,0,0,0,0,0,0,0,0,0,0,0,0,0
161,1,1,35,6,9,1,11,1,1,63,15,1,1,55,1,15,30,2,10,6,1,9,441,2,0,3,0,0,0,0,0,0,0,0,0,0,0,0,0,0,0,0
161,1,1,35,6,9,1,11,1,1,63,15,1,1,55,1,15,30,2,10,6,1,9,441,2,0,3,0,0,0,0,0,0,0,0,0,0,0,0,0,0,0,0
161,1,1,35,6,9,1,11,1,1,63,16,1,1,57,1,15,30,2,10,6,1,11,446,2,0,3,0,0,0,0,0,0,0,0,0,0,0,0,0,0,0,0
160,1,1,34,6,9,1,11,1,1,62,15,1,1,56,1,15,30,2,10,6,1,11,441,2,0,3,0,0,0,0,0,0,0,0,0,0,0,0,0,0,0,0
159,1,1,34,6,9,1,11,1,1,62,15,1,1,56,1,15,30,2,10,6,1,11,440,2,0,3,0,0,0,0,0,0,0,0,0,0,0,0,0,0,0,0
160,1,1,34,6,9,1,11,1,1,62,15,1,1,56,1,15,30,2,10,6,1,11,441,2,0,3,0,0,0,0,0,0,0,0,0,0,0,0,0,0,0,0
160,1,1,34,6,9,1,11,1,1,62,15,1,1,56,1,15,30,2,10,6,1,11,441,2,0,3,0,0,0,0,0,0,0,0,0,0,0,0,0,0,0,0
160,1,1,34,6,9,1,11,1,1,62,15,1,1,56,1,15,30,2,10,6,1,11,441,2,0,3,0,0,0,0,0,0,0,0,0,0,0,0,0,0,0,0
159,1,1,34,6,9,1,11,1,1,62,15,1,1,56,1,15,30,2,10,6,1,11,440,2,0,3,0,0,0,0,0,0,0,0,0,0,0,0,0,0,0,0
160,1,1,34,6,9,1,11,1,1,62,15,1,1,56,1,15,30,2,10,6,1,11,441,2,0,3,0,0,0,0,0,0,0,0,0,0,0,0,0,0,0,0
160,1,1,34,6,9,1,11,1,1,62,15,1,1,56,1,15,30,2,10,6,1,11,441,2,0,3,0,0,0,0,0,0,0,0,0,0,0,0,0,0,0,0
159,1,1,34,6,9,1,11,1,1,62,15,1,1,56,1,15,30,2,10,6,1,11,440,2,0,3,0,0,0,0,0,0,0,0,0,0,0,0,0,0,0,0
159,1,1,34,6,9,1,11,1,1,62,15,1,1,56,1,15,30,2,10,6,1,11,440,2,0,3,0,0,0,0,0,0,0,0,0,0,0,0,0,0,0,0
161,1,1,34,6,9,1,11,1,1,62,15,1,1,56,1,15,30,2,10,6,1,11,442,2,0,3,0,0,0,0,0,0,0,0,0,0,0,0,0,0,0,0
160,1,1,34,6,9,1,11,1,1,62,15,1,1,56,1,15,30,2,10,6,1,11,441,2,0,3,0,0,0,0,0,0,0,0,0,0,0,0,0,0,0,0
160,1,1,34,6,9,1,11,1,1,62,15,1,1,56,1,15,30,2,10,6,1,11,441,2,0,3,0,0,0,0,0,0,0,0,0,0,0,0,0,0,0,0
160,1,1,34,6,9,1,11,1,1,62,15,1,1,56,1,15,30,2,10,6,1,11,441,2,0,3,0,0,0,0,0,0,0,0,0,0,0,0,0,0,0,0
159,1,1,34,6,9,1,11,1,1,62,15,1,1,56,1,15,30,2,10,6,1,11,440,2,0,3,0,0,0,0,0,0,0,0,0,0,0,0,0,0,0,0
160,1,1,34,6,9,1,11,1,1,62,15,1,1,56,1,15,30,2,10,6,1,11,441,2,0,3,0,0,0,0,0,0,0,0,0,0,0,0,0,0,0,0
160,1,1,34,6,9,1,11,1,1,62,15,1,1,56,1,15,30,2,10,6,1,11,441,2,0,3,0,0,0,0,0,0,0,0,0,0,0,0,0,0,0,0
160,1,1,34,6,9,1,11,1,1,62,15,1,1,56,1,15,30,2,10,6,1,11,441,2,0,3,0,0,0,0,0,0,0,0,0,0,0,0,0,0,0,0
160,1,1,34,6,9,1,11,1,1,62,15,1,1,56,1,15,30,2,10,6,1,11,441,2,0,3,0,0,0,0,0,0,0,0,0,0,0,0,0,0,0,0
160,1,1,34,6,9,1,11,1,1,62,15,1,1,56,1,15,30,2,10,6,1,11,441,2,0,3,0,0,0,0,0,0,0,0,0,0,0,0,0,0,0,0
159,1,1,34,6,9,1,11,1,1,62,15,1,1,56,1,15,30,2,10,6,1,11,440,2,0,3,0,0,0,0,0,0,0,0,0,0,0,0,0,0,0,0
159,1,1,34,6,9,1,11,1,1,62,15,1,1,56,1,15,30,2,10,6,1,11,440,2,0,3,0,0,0,0,0,0,0,0,0,0,0,0,0,0,0,0
159,1,1,34,6,9,1,11,1,1,62,15,1,1,56,1,15,30,2,10,6,1,11,440,2,0,3,0,0,0,0,0,0,0,0,0,0,0,0,0,0,0,0
160,1,1,34,6,9,1,11,1,1,62,15,1,1,56,1,15,30,2,10,6,1,11,441,2,0,3,0,0,0,0,0,0,0,0,0,0,0,0,0,0,0,0
159,1,1,34,6,9,1,11,1,1,62,15,1,1,56,1,15,30,2,10,6,1,11,440,2,0,3,0,0,0,0,0,0,0,0,0,0,0,0,0,0,0,0
159,1,1,34,6,9,1,11,1,1,62,15,1,1,56,1,15,30,2,10,6,1,11,440,2,0,3,0,0,0,0,0,0,0,0,0,0,0,0,0,0,0,0
159,1,1,34,6,9,1,11,1,1,62,15,1,1,56,1,15,30,2,10,6,1,11,440,2,0,3,0,0,0,0,0,0,0,0,0,0,0,0,0,0,0,0
160,1,1,34,6,9,1,11,1,1,62,15,1,1,56,1,15,30,2,10,6,1,11,441,2,0,3,0,0,0,0,0,0,0,0,0,0,0,0,0,0,0,0
162,1,1,35,6,9,1,11,1,1,63,15,1,1,57,1,15,30,2,10,6,1,11,446,2,0,3,0,0,0,0,0,0,0,0,0,0,0,0,0,0,0,0
161,1,1,35,6,9,1,11,1,1,63,15,1,1,57,1,15,30,2,10,6,1,11,445,2,0,3,0,0,0,0,0,0,0,0,0,0,0,0,0,0,0,0
162,1,1,35,6,9,1,11,1,1,63,15,1,1,57,1,15,30,2,10,6,1,11,446,2,0,3,0,0,0,0,0,0,0,0,0,0,0,0,0,0,0,0
160,1,1,34,6,9,1,11,1,1,62,15,1,1,56,1,15,30,2,10,6,1,11,441,2,0,3,0,0,0,0,0,0,0,0,0,0,0,0,0,0,0,0
160,1,1,34,6,9,1,11,1,1,62,15,1,1,56,1,15,30,2,10,6,1,11,441,2,0,3,0,0,0,0,0,0,0,0,0,0,0,0,0,0,0,0
159,1,1,34,6,9,1,11,1,1,62,15,1,1,56,1,15,30,2,10,6,1,11,440,2,0,3,0,0,0,0,0,0,0,0,0,0,0,0,0,0,0,0
159,1,1,34,6,9,1,11,1,1,62,15,1,1,56,1,15,30,2,10,6,1,11,440,2,0,3,0,0,0,0,0,0,0,0,0,0,0,0,0,0,0,0
159,1,1,34,6,9,1,11,1,1,62,15,1,1,56,1,15,30,2,10,6,1,11,440,2,0,3,0,0,0,0,0,0,0,0,0,0,0,0,0,0,0,0
160,1,1,34,6,9,1,11,1,1,62,15,1,1,56,1,15,30,2,10,6,1,11,441,2,0,3,0,0,0,0,0,0,0,0,0,0,0,0,0,0,0,0
160,1,1,34,6,9,1,11,1,1,62,15,1,1,56,1,15,30,2,10,6,1,11,441,2,0,3,0,0,0,0,0,0,0,0,0,0,0,0,0,0,0,0
161,1,1,34,6,9,1,11,1,1,62,15,1,1,55,1,15,31,2,10,6,1,11,442,2,0,3,0,0,0,0,0,0,0,0,0,0,0,0,0,0,0,0
160,1,1,34,6,9,1,11,1,1,62,15,1,1,55,1,15,31,2,10,6,1,11,441,2,0,3,0,0,0,0,0,0,0,0,0,0,0,0,0,0,0,0
160,1,1,34,6,9,1,11,1,1,62,15,1,1,55,1,15,31,2,10,6,1,11,441,2,0,3,0,0,0,0,0,0,0,0,0,0,0,0,0,0,0,0
160,1,1,34,6,9,1,11,1,1,62,15,1,1,55,1,15,31,2,10,6,1,11,441,2,0,3,0,0,0,0,0,0,0,0,0,0,0,0,0,0,0,0
159,1,1,34,6,9,1,11,1,1,62,15,1,1,55,1,15,31,2,10,6,1,11,440,2,0,3,0,0,0,0,0,0,0,0,0,0,0,0,0,0,0,0
160,1,1,34,6,9,1,11,1,1,62,15,1,1,55,1,15,31,2,10,6,1,11,441,2,0,3,0,0,0,0,0,0,0,0,0,0,0,0,0,0,0,0
159,1,1,34,6,9,1,11,1,1,62,15,1,1,55,1,15,31,2,10,6,1,11,440,2,0,3,0,0,0,0,0,0,0,0,0,0,0,0,0,0,0,0
160,1,1,34,6,9,1,11,1,1,63,15,1,1,55,1,15,31,2,10,6,1,11,442,2,0,3,0,0,0,0,0,0,0,0,0,0,0,0,0,0,0,0
160,1,1,34,6,9,1,11,1,1,62,15,1,1,55,1,15,31,2,10,6,1,11,441,2,0,3,0,0,0,0,0,0,0,0,0,0,0,0,0,0,0,0
49,1,1,11,2,2,1,2,0,1,9,0,0,0,3,0,0,2,0,0,0,0,0,87,2,0,0,1,0,0,0,0,0,0,0,0,0,0,0,0,0,0,0
160,1,1,34,6,9,1,11,1,1,62,15,1,1,55,1,15,31,2,10,6,1,11,441,2,0,3,0,0,0,0,0,0,0,0,0,0,0,0,0,0,0,0
160,1,1,34,6,9,1,11,1,1,62,15,1,1,55,1,15,31,2,10,6,1,11,441,2,0,3,0,0,0,0,0,0,0,0,0,0,0,0,0,0,0,0
159,1,1,34,6,9,1,11,1,1,62,15,1,1,55,1,15,31,2,10,6,1,11,440,2,0,3,0,0,0,0,0,0,0,0,0,0,0,0,0,0,0,0
159,1,1,34,6,9,1,11,1,1,62,15,1,1,55,1,15,31,2,10,6,1,11,440,2,0,3,0,0,0,0,0,0,0,0,0,0,0,0,0,0,0,0
161,1,1,34,6,9,1,11,1,1,62,15,1,1,55,1,15,31,2,10,6,1,11,442,2,0,3,0,0,0,0,0,0,0,0,0,0,0,0,0,0,0,0
160,1,1,34,6,9,1,11,1,1,62,15,1,1,55,1,15,31,2,10,6,1,11,441,2,0,3,0,0,0,0,0,0,0,0,0,0,0,0,0,0,0,0
159,1,1,34,6,9,1,11,1,1,62,15,1,1,55,1,15,31,2,10,6,1,11,440,2,0,3,0,0,0,0,0,0,0,0,0,0,0,0,0,0,0,0
159,1,1,34,6,9,1,11,1,1,62,15,1,1,55,1,15,31,2,10,6,1,11,440,2,0,3,0,0,0,0,0,0,0,0,0,0,0,0,0,0,0,0
161,1,1,34,6,9,1,11,1,1,62,15,1,1,55,1,15,31,2,10,6,1,11,442,2,0,3,0,0,0,0,0,0,0,0,0,0,0,0,0,0,0,0
160,1,1,34,6,9,1,11,1,1,62,15,1,1,55,1,15,31,2,10,6,1,11,441,2,0,3,0,0,0,0,0,0,0,0,0,0,0,0,0,0,0,0
160,1,1,34,6,9,1,11,1,1,63,15,1,1,55,1,15,31,2,10,6,1,11,442,2,0,3,0,0,0,0,0,0,0,0,0,0,0,0,0,0,0,0
161,1,1,34,6,9,1,11,1,1,62,15,1,1,55,1,15,31,2,10,6,1,11,442,2,0,3,0,0,0,0,0,0,0,0,0,0,0,0,0,0,0,0
159,1,1,34,6,9,1,11,1,1,62,15,1,1,55,1,15,31,2,10,6,1,11,440,2,0,3,0,0,0,0,0,0,0,0,0,0,0,0,0,0,0,0
160,1,1,34,6,9,1,11,1,1,62,15,1,1,55,1,15,31,2,10,6,1,11,441,2,0,3,0,0,0,0,0,0,0,0,0,0,0,0,0,0,0,0
159,1,1,34,6,9,1,11,1,1,62,15,1,1,55,1,15,31,2,10,6,1,11,440,2,0,3,0,0,0,0,0,0,0,0,0,0,0,0,0,0,0,0
159,1,1,34,6,9,1,11,1,1,62,15,1,1,56,1,15,30,2,10,6,1,11,440,2,0,3,0,0,0,0,0,0,0,0,0,0,0,0,0,0,0,0
159,1,1,34,6,9,1,11,1,1,62,15,1,1,56,1,15,30,2,10,6,1,11,440,2,0,3,0,0,0,0,0,0,0,0,0,0,0,0,0,0,0,0
161,1,1,34,6,9,1,11,1,1,62,15,1,1,56,1,15,30,2,10,6,1,11,442,2,0,3,0,0,0,0,0,0,0,0,0,0,0,0,0,0,0,0
159,1,1,34,6,9,1,11,1,1,62,15,1,1,56,1,15,30,2,10,6,1,11,440,2,0,3,0,0,0,0,0,0,0,0,0,0,0,0,0,0,0,0
160,1,1,34,6,9,1,11,1,1,62,15,1,1,56,1,15,30,2,10,6,1,11,441,2,0,3,0,0,0,0,0,0,0,0,0,0,0,0,0,0,0,0
159,1,1,34,6,9,1,11,1,1,62,15,1,1,56,1,15,30,2,10,6,1,11,440,2,0,3,0,0,0,0,0,0,0,0,0,0,0,0,0,0,0,0
159,1,1,34,6,9,1,11,1,1,62,15,1,1,56,1,15,30,2,10,6,1,11,440,2,0,3,0,0,0,0,0,0,0,0,0,0,0,0,0,0,0,0
159,1,1,34,6,9,1,11,1,1,62,15,1,1,56,1,15,30,2,10,6,1,11,440,2,0,3,0,0,0,0,0,0,0,0,0,0,0,0,0,0,0,0
161,1,1,34,6,9,1,11,1,1,62,15,1,1,56,1,15,30,2,10,6,1,11,442,2,0,3,0,0,0,0,0,0,0,0,0,0,0,0,0,0,0,0
159,1,1,34,6,9,1,11,1,1,62,15,1,1,56,1,15,30,2,10,6,1,11,440,2,0,3,0,0,0,0,0,0,0,0,0,0,0,0,0,0,0,0
160,1,1,34,6,9,1,11,1,1,62,15,1,1,56,1,15,30,2,10,6,1,11,441,2,0,3,0,0,0,0,0,0,0,0,0,0,0,0,0,0,0,0
160,1,1,34,6,9,1,11,1,1,62,15,1,1,56,1,15,30,2,10,6,1,11,441,2,0,3,0,0,0,0,0,0,0,0,0,0,0,0,0,0,0,0
159,1,1,34,6,9,1,11,1,1,62,15,1,1,56,1,15,30,2,10,6,1,11,440,2,0,3,0,0,0,0,0,0,0,0,0,0,0,0,0,0,0,0
160,1,1,34,6,9,1,11,1,1,62,15,1,1,56,1,15,30,2,10,6,1,11,441,2,0,3,0,0,0,0,0,0,0,0,0,0,0,0,0,0,0,0
159,1,1,34,6,9,1,11,1,1,62,15,1,1,56,1,15,30,2,10,6,1,11,440,2,0,3,0,0,0,0,0,0,0,0,0,0,0,0,0,0,0,0
160,1,1,34,6,9,1,11,1,1,62,15,1,1,56,1,15,30,2,10,6,1,11,441,2,0,3,0,0,0,0,0,0,0,0,0,0,0,0,0,0,0,0
161,1,1,34,6,9,1,11,1,1,62,15,1,1,56,1,15,30,2,10,6,1,11,442,2,0,3,0,0,0,0,0,0,0,0,0,0,0,0,0,0,0,0
159,1,1,34,6,9,1,11,1,1,62,15,1,1,56,1,15,30,2,10,6,1,11,440,2,0,3,0,0,0,0,0,0,0,0,0,0,0,0,0,0,0,0
159,1,1,34,6,9,1,11,1,1,62,15,1,1,56,1,15,30,2,10,6,1,11,440,2,0,3,0,0,0,0,0,0,0,0,0,0,0,0,0,0,0,0
159,1,1,34,6,9,1,11,1,1,62,15,1,1,56,1,15,30,2,10,6,1,11,440,2,0,3,0,0,0,0,0,0,0,0,0,0,0,0,0,0,0,0
160,1,1,34,6,9,1,11,1,1,62,15,1,1,56,1,15,30,2,10,6,1,11,441,2,0,3,0,0,0,0,0,0,0,0,0,0,0,0,0,0,0,0
160,1,1,34,6,9,1,11,1,1,62,15,1,1,56,1,15,30,2,10,6,1,11,441,2,0,3,0,0,0,0,0,0,0,0,0,0,0,0,0,0,0,0
160,1,1,34,6,9,1,11,1,1,62,15,1,1,56,1,15,30,2,10,6,1,11,441,2,0,3,0,0,0,0,0,0,0,0,0,0,0,0,0,0,0,0
160,1,1,34,6,9,1,11,1,1,62,15,1,1,56,1,15,30,2,10,6,1,11,441,2,0,3,0,0,0,0,0,0,0,0,0,0,0,0,0,0,0,0
185,1,1,30,6,9,1,10,1,1,67,23,1,1,64,1,15,31,2,10,6,1,15,487,0,2,3,0,0,0,0,0,0,0,0,0,0,0,0,0,0,0,0
4,1,0,0,1,0,0,0,0,0,0,0,0,0,0,0,0,0,0,0,0,0,0,6,0,0,0,0,0,0,0,0,0,0,0,0,0,0,0,0,0,0,0
185,1,1,30,6,9,1,10,1,1,67,23,1,1,64,1,15,31,2,10,6,1,15,487,0,2,3,0,0,0,0,0,0,0,0,0,0,0,0,0,0,0,0
159,1,1,34,6,9,1,11,1,1,62,15,1,1,56,1,15,30,2,10,6,1,11,440,2,0,3,0,0,0,0,0,0,0,0,0,0,0,0,0,0,0,0
160,1,1,34,6,9,1,11,1,1,62,15,1,1,56,1,15,30,2,10,6,1,11,441,2,0,3,0,0,0,0,0,0,0,0,0,0,0,0,0,0,0,0
159,1,1,34,6,9,1,11,1,1,62,15,1,1,56,1,15,30,2,10,6,1,11,440,2,0,3,0,0,0,0,0,0,0,0,0,0,0,0,0,0,0,0
159,1,1,33,6,9,1,11,1,1,62,15,1,1,56,1,15,30,2,10,6,1,11,439,2,0,3,0,0,0,0,0,0,0,0,0,0,0,0,0,0,0,0
4,1,0,0,1,0,0,0,0,0,0,0,0,0,0,0,0,0,0,0,0,0,0,6,0,0,0,0,0,0,0,0,0,0,0,0,0,0,0,0,0,0,0
4,1,0,0,1,0,0,0,0,0,0,0,0,0,0,0,0,0,0,0,0,0,0,6,0,0,0,0,0,0,0,0,0,0,0,0,0,0,0,0,0,0,0
160,1,1,33,6,9,1,11,1,1,62,15,1,1,56,1,15,30,2,10,6,1,11,440,2,0,3,0,0,0,0,0,0,0,0,0,0,0,0,0,0,0,0
4,1,0,0,1,0,0,0,0,0,0,0,0,0,0,0,0,0,0,0,0,0,0,6,0,0,0,0,0,0,0,0,0,0,0,0,0,0,0,0,0,0,0
158,1,1,33,6,9,1,11,1,1,62,15,1,1,56,1,15,30,2,10,6,1,11,438,2,0,3,0,0,0,0,0,0,0,0,0,0,0,0,0,0,0,0
158,1,1,33,6,9,1,11,1,1,62,15,1,1,56,1,15,30,2,10,6,1,11,438,2,0,3,0,0,0,0,0,0,0,0,0,0,0,0,0,0,0,0
159,1,1,33,6,9,1,11,1,1,62,15,1,1,56,1,15,30,2,10,6,1,11,439,2,0,3,0,0,0,0,0,0,0,0,0,0,0,0,0,0,0,0
159,1,1,33,6,9,1,11,1,1,62,15,1,1,56,1,15,30,2,10,6,1,11,439,2,0,3,0,0,0,0,0,0,0,0,0,0,0,0,0,0,0,0
158,1,1,33,6,9,1,11,1,1,62,15,1,1,56,1,15,30,2,10,6,1,11,438,2,0,3,0,0,0,0,0,0,0,0,0,0,0,0,0,0,0,0
159,1,1,33,6,9,1,11,1,1,62,15,1,1,56,1,15,30,2,10,6,1,11,439,2,0,3,0,0,0,0,0,0,0,0,0,0,0,0,0,0,0,0
158,1,1,33,6,9,1,11,1,1,62,15,1,1,56,1,15,30,2,10,6,1,11,438,2,0,3,0,0,0,0,0,0,0,0,0,0,0,0,0,0,0,0
158,1,1,33,6,9,1,11,1,1,62,15,1,1,56,1,15,30,2,10,6,1,11,438,2,0,3,0,0,0,0,0,0,0,0,0,0,0,0,0,0,0,0
159,1,1,33,6,9,1,11,1,1,62,15,1,1,56,1,15,30,2,10,6,1,11,439,2,0,3,0,0,0,0,0,0,0,0,0,0,0,0,0,0,0,0
158,1,1,33,6,9,1,11,1,1,62,15,1,1,56,1,15,30,2,10,6,1,11,438,2,0,3,0,0,0,0,0,0,0,0,0,0,0,0,0,0,0,0
158,1,1,33,6,9,1,11,1,1,62,15,1,1,56,1,15,30,2,10,6,1,11,438,2,0,3,0,0,0,0,0,0,0,0,0,0,0,0,0,0,0,0
159,1,1,33,6,9,1,11,1,1,62,15,1,1,56,1,15,30,2,10,6,1,11,439,2,0,3,0,0,0,0,0,0,0,0,0,0,0,0,0,0,0,0
158,1,1,33,6,9,1,11,1,1,62,15,1,1,56,1,15,30,2,10,6,1,11,438,2,0,3,0,0,0,0,0,0,0,0,0,0,0,0,0,0,0,0
157,1,1,33,6,9,1,11,1,1,62,15,1,1,56,1,15,30,2,10,6,1,11,437,2,0,3,0,0,0,0,0,0,0,0,0,0,0,0,0,0,0,0
157,1,1,33,6,9,1,11,1,1,60,15,1,1,56,1,15,30,2,10,5,1,11,434,2,0,3,0,0,0,0,0,0,0,0,0,0,0,0,0,0,0,0
157,1,1,33,6,9,1,11,1,1,60,15,1,1,56,1,15,30,2,10,5,1,11,434,2,0,3,0,0,0,0,0,0,0,0,0,0,0,0,0,0,0,0
157,1,1,31,6,9,1,11,1,1,60,15,1,1,56,1,15,30,2,10,5,1,11,432,2,0,3,0,0,0,0,0,0,0,0,0,0,0,0,0,0,0,0
156,1,1,31,6,9,1,11,1,1,60,15,1,1,56,1,15,30,2,10,5,1,11,431,2,0,3,0,0,0,0,0,0,0,0,0,0,0,0,0,0,0,0
159,1,1,31,6,9,1,11,1,1,62,15,1,1,56,1,15,30,2,10,6,1,11,437,2,0,3,0,0,0,0,0,0,0,0,0,0,0,0,0,0,0,0
156,1,1,31,6,9,1,11,1,1,60,15,1,1,56,1,15,30,2,10,5,1,11,431,2,0,3,0,0,0,0,0,0,0,0,0,0,0,0,0,0,0,0
7,1,1,3,5,9,1,4,0,0,0,0,0,0,0,0,0,0,0,0,0,0,0,31,0,0,0,0,0,0,0,0,0,0,0,0,0,0,0,0,0,0,0
157,1,1,31,6,9,1,11,1,1,60,15,1,1,56,1,15,30,2,10,5,1,11,432,2,0,3,0,0,0,0,0,0,0,0,0,0,0,0,0,0,0,0
157,1,1,31,6,9,1,11,1,1,60,15,1,1,56,1,15,30,2,10,5,1,11,432,2,0,3,0,0,0,0,0,0,0,0,0,0,0,0,0,0,0,0
156,1,1,31,6,9,1,11,1,1,60,15,1,1,56,1,15,30,2,10,5,1,11,431,2,0,3,0,0,0,0,0,0,0,0,0,0,0,0,0,0,0,0
156,1,1,31,6,9,1,11,1,1,60,15,1,1,56,1,15,30,2,10,5,1,11,431,2,0,3,0,0,0,0,0,0,0,0,0,0,0,0,0,0,0,0
157,1,1,31,6,9,1,11,1,1,60,15,1,1,56,1,15,30,2,10,5,1,11,432,2,0,3,0,0,0,0,0,0,0,0,0,0,0,0,0,0,0,0
156,1,1,31,6,9,1,11,1,1,60,15,1,1,56,1,15,30,2,10,5,1,11,431,2,0,3,0,0,0,0,0,0,0,0,0,0,0,0,0,0,0,0
158,1,1,31,6,9,1,11,1,1,60,15,1,1,56,1,15,30,2,10,5,1,11,433,2,0,3,0,0,0,0,0,0,0,0,0,0,0,0,0,0,0,0
157,1,1,31,6,9,1,11,1,1,60,15,1,1,56,1,15,30,2,10,5,1,11,432,2,0,3,0,0,0,0,0,0,0,0,0,0,0,0,0,0,0,0
157,1,1,31,6,9,1,11,1,1,60,15,1,1,56,1,15,30,2,10,5,1,11,432,2,0,3,0,0,0,0,0,0,0,0,0,0,0,0,0,0,0,0
156,1,1,31,6,9,1,11,1,1,60,15,1,1,56,1,15,30,2,10,5,1,11,431,2,0,3,0,0,0,0,0,0,0,0,0,0,0,0,0,0,0,0
157,1,1,31,6,9,1,11,1,1,60,15,1,1,56,1,15,30,2,10,5,1,11,432,2,0,3,0,0,0,0,0,0,0,0,0,0,0,0,0,0,0,0
156,1,1,31,6,9,1,11,1,1,60,15,1,1,56,1,15,30,2,10,5,1,11,431,2,0,3,0,0,0,0,0,0,0,0,0,0,0,0,0,0,0,0
157,1,1,31,6,9,1,11,1,1,60,15,1,1,56,1,15,30,2,10,5,1,11,432,2,0,3,0,0,0,0,0,0,0,0,0,0,0,0,0,0,0,0
157,1,1,31,6,9,1,11,1,1,60,15,1,1,56,1,15,30,2,10,5,1,11,432,2,0,3,0,0,0,0,0,0,0,0,0,0,0,0,0,0,0,0
157,1,1,31,6,9,1,11,1,1,60,15,1,1,56,1,15,30,2,10,5,1,11,432,2,0,3,0,0,0,0,0,0,0,0,0,0,0,0,0,0,0,0
156,1,1,31,6,9,1,11,1,1,60,15,1,1,56,1,15,30,2,10,5,1,11,431,2,0,3,0,0,0,0,0,0,0,0,0,0,0,0,0,0,0,0
157,1,1,31,6,9,1,11,1,1,60,15,1,1,56,1,15,30,2,10,5,1,11,432,2,0,3,0,0,0,0,0,0,0,0,0,0,0,0,0,0,0,0
157,1,1,31,6,9,1,11,1,1,60,15,1,1,56,1,15,30,2,10,5,1,11,432,2,0,3,0,0,0,0,0,0,0,0,0,0,0,0,0,0,0,0
156,1,1,31,6,9,1,11,1,1,60,15,1,1,56,1,15,30,2,10,5,1,11,431,2,0,3,0,0,0,0,0,0,0,0,0,0,0,0,0,0,0,0
157,1,1,31,6,9,1,11,1,1,60,15,1,1,56,1,15,30,2,10,5,1,11,432,2,0,3,0,0,0,0,0,0,0,0,0,0,0,0,0,0,0,0
157,1,1,31,6,9,1,11,1,1,60,15,1,1,56,1,15,30,2,10,5,1,11,432,2,0,3,0,0,0,0,0,0,0,0,0,0,0,0,0,0,0,0
157,1,1,31,6,9,1,11,1,1,60,15,1,1,56,1,15,30,2,10,5,1,11,432,2,0,3,0,0,0,0,0,0,0,0,0,0,0,0,0,0,0,0
113,1,1,25,6,9,1,9,1,1,51,15,1,1,53,1,15,28,2,10,5,1,11,364,0,0,3,0,0,0,0,0,0,0,0,0,0,0,0,0,0,0,0
156,1,1,31,6,9,1,11,1,1,60,15,1,1,56,1,15,30,2,10,5,1,11,431,2,0,3,0,0,0,0,0,0,0,0,0,0,0,0,0,0,0,0
156,1,1,31,6,9,1,11,1,1,60,15,1,1,56,1,15,30,2,10,5,1,11,431,2,0,3,0,0,0,0,0,0,0,0,0,0,0,0,0,0,0,0
157,1,1,31,6,9,1,11,1,1,60,15,1,1,56,1,15,30,2,10,5,1,11,432,2,0,3,0,0,0,0,0,0,0,0,0,0,0,0,0,0,0,0
157,1,1,31,6,9,1,11,1,1,60,15,1,1,56,1,15,30,2,10,5,1,11,432,2,0,3,0,0,0,0,0,0,0,0,0,0,0,0,0,0,0,0
156,1,1,31,6,9,1,11,1,1,60,15,1,1,56,1,15,30,2,10,5,1,11,431,2,0,3,0,0,0,0,0,0,0,0,0,0,0,0,0,0,0,0
157,1,1,31,6,9,1,11,1,1,60,15,1,1,56,1,15,30,2,10,5,1,11,432,2,0,3,0,0,0,0,0,0,0,0,0,0,0,0,0,0,0,0
157,1,1,31,6,9,1,11,1,1,60,15,1,1,56,1,15,30,2,10,5,1,11,432,2,0,3,0,0,0,0,0,0,0,0,0,0,0,0,0,0,0,0
157,1,1,31,6,9,1,11,1,1,60,15,1,1,56,1,15,30,2,10,5,1,11,432,2,0,3,0,0,0,0,0,0,0,0,0,0,0,0,0,0,0,0
157,1,1,31,6,9,1,11,1,1,60,15,1,1,56,1,15,30,2,10,5,1,11,432,2,0,3,0,0,0,0,0,0,0,0,0,0,0,0,0,0,0,0
157,1,1,31,6,9,1,11,1,1,60,15,1,1,56,1,15,30,2,10,5,1,11,432,2,0,3,0,0,0,0,0,0,0,0,0,0,0,0,0,0,0,0
49,1,1,11,2,2,1,2,0,1,9,0,0,0,3,0,0,2,0,0,0,0,0,87,2,0,0,1,0,0,0,0,0,0,0,0,0,0,0,0,0,0,0
156,1,1,31,6,9,1,11,1,1,60,15,1,1,56,1,15,30,2,10,5,1,11,431,2,0,3,0,0,0,0,0,0,0,0,0,0,0,0,0,0,0,0
157,1,1,31,6,9,1,11,1,1,60,15,1,1,56,1,15,30,2,10,5,1,11,432,2,0,3,0,0,0,0,0,0,0,0,0,0,0,0,0,0,0,0
184,1,1,31,6,9,1,11,1,1,64,22,1,1,56,1,15,35,2,10,6,1,12,477,2,0,3,0,0,0,0,0,0,0,0,0,0,0,0,0,0,0,0
184,1,1,31,6,9,1,11,1,1,64,22,1,1,56,1,15,35,2,10,6,1,12,477,2,0,3,0,0,0,0,0,0,0,0,0,0,0,0,0,0,0,0
184,1,1,31,6,9,1,11,1,1,64,22,1,1,56,1,15,35,2,10,6,1,12,477,2,0,3,0,0,0,0,0,0,0,0,0,0,0,0,0,0,0,0
184,1,1,31,6,9,1,11,1,1,64,22,1,1,56,1,15,35,2,10,6,1,12,477,2,0,3,0,0,0,0,0,0,0,0,0,0,0,0,0,0,0,0
186,1,1,31,6,9,1,11,1,1,64,22,1,1,56,1,15,35,2,10,6,1,12,479,2,0,3,0,0,0,0,0,0,0,0,0,0,0,0,0,0,0,0
186,1,1,31,6,9,1,11,1,1,64,22,1,1,56,1,15,35,2,10,6,1,12,479,2,0,3,0,0,0,0,0,0,0,0,0,0,0,0,0,0,0,0
186,1,1,31,6,9,1,11,1,1,64,22,1,1,56,1,15,35,2,10,6,1,12,479,2,0,3,0,0,0,0,0,0,0,0,0,0,0,0,0,0,0,0
186,1,1,31,6,9,1,11,1,1,64,22,1,1,56,1,15,35,2,10,6,1,12,479,2,0,3,0,0,0,0,0,0,0,0,0,0,0,0,0,0,0,0
157,1,1,31,6,9,1,11,1,1,60,15,1,1,56,1,15,30,2,10,5,1,11,432,2,0,3,0,0,0,0,0,0,0,0,0,0,0,0,0,0,0,0
156,1,1,31,6,9,1,11,1,1,60,15,1,1,56,1,15,30,2,10,5,1,11,431,2,0,3,0,0,0,0,0,0,0,0,0,0,0,0,0,0,0,0
49,1,1,11,2,2,1,2,0,1,9,0,0,0,3,0,0,2,0,0,0,0,0,87,2,0,0,1,0,0,0,0,0,0,0,0,0,0,0,0,0,0,0
157,1,1,31,6,9,1,11,1,1,60,15,1,1,56,1,15,30,2,10,5,1,11,432,2,0,3,0,0,0,0,0,0,0,0,0,0,0,0,0,0,0,0
156,1,1,31,6,9,1,11,1,1,60,15,1,1,56,1,15,30,2,10,5,1,11,431,2,0,3,0,0,0,0,0,0,0,0,0,0,0,0,0,0,0,0
156,1,1,31,6,9,1,11,1,1,60,15,1,1,56,1,15,30,2,10,5,1,11,431,2,0,3,0,0,0,0,0,0,0,0,0,0,0,0,0,0,0,0
158,1,1,31,6,9,1,11,1,1,60,15,1,1,56,1,15,30,2,10,5,1,11,433,2,0,3,0,0,0,0,0,0,0,0,0,0,0,0,0,0,0,0
156,1,1,31,6,9,1,11,1,1,61,15,1,1,56,1,15,32,2,10,5,1,7,430,2,0,3,0,0,0,0,0,0,0,0,0,0,0,0,0,0,0,0
157,1,1,31,6,9,1,11,1,1,61,15,1,1,56,1,15,32,2,10,5,1,7,431,2,0,3,0,0,0,0,0,0,0,0,0,0,0,0,0,0,0,0
156,1,1,31,6,9,1,11,1,1,61,15,1,1,56,1,15,32,2,10,5,1,7,430,2,0,3,0,0,0,0,0,0,0,0,0,0,0,0,0,0,0,0
162,1,1,37,6,9,1,11,1,1,61,15,1,1,56,1,15,32,2,10,5,1,7,442,2,0,3,0,0,0,0,0,0,0,0,0,0,0,0,0,0,0,0
156,1,1,31,6,9,1,11,1,1,61,15,1,1,56,1,15,32,2,10,5,1,7,430,2,0,3,0,0,0,0,0,0,0,0,0,0,0,0,0,0,0,0
157,1,1,31,6,9,1,11,1,1,61,15,1,1,56,1,15,32,2,10,5,1,7,431,2,0,3,0,0,0,0,0,0,0,0,0,0,0,0,0,0,0,0
49,1,1,11,2,2,1,2,0,1,9,0,0,0,3,0,0,2,0,0,0,0,0,87,2,0,0,1,0,0,0,0,0,0,0,0,0,0,0,0,0,0,0
156,1,1,31,6,9,1,11,1,1,61,15,1,1,56,1,15,32,2,10,5,1,7,430,2,0,3,0,0,0,0,0,0,0,0,0,0,0,0,0,0,0,0
156,1,1,31,6,9,1,11,1,1,61,15,1,1,56,1,15,32,2,10,5,1,7,430,2,0,3,0,0,0,0,0,0,0,0,0,0,0,0,0,0,0,0
157,1,1,31,6,9,1,11,1,1,61,15,1,1,56,1,15,32,2,10,5,1,7,431,2,0,3,0,0,0,0,0,0,0,0,0,0,0,0,0,0,0,0
157,1,1,31,6,9,1,11,1,1,61,15,1,1,56,1,15,32,2,10,5,1,7,431,2,0,3,0,0,0,0,0,0,0,0,0,0,0,0,0,0,0,0
155,1,1,31,6,9,1,11,1,1,61,15,1,1,56,1,15,32,2,10,5,1,7,429,2,0,3,0,0,0,0,0,0,0,0,0,0,0,0,0,0,0,0
156,1,1,31,6,9,1,11,1,1,61,15,1,1,56,1,15,32,2,10,5,1,7,430,2,0,3,0,0,0,0,0,0,0,0,0,0,0,0,0,0,0,0
157,1,1,31,6,9,1,11,1,1,61,15,1,1,56,1,15,32,2,10,5,1,7,431,2,0,3,0,0,0,0,0,0,0,0,0,0,0,0,0,0,0,0
156,1,1,31,6,9,1,11,1,1,61,15,1,1,56,1,15,32,2,10,5,1,7,430,2,0,3,0,0,0,0,0,0,0,0,0,0,0,0,0,0,0,0
155,1,1,31,6,9,1,11,1,1,61,15,1,1,56,1,15,32,2,10,5,1,7,429,2,0,3,0,0,0,0,0,0,0,0,0,0,0,0,0,0,0,0
156,1,1,31,6,9,1,11,1,1,61,15,1,1,56,1,15,32,2,10,5,1,7,430,2,0,3,0,0,0,0,0,0,0,0,0,0,0,0,0,0,0,0
155,1,1,31,6,9,1,11,1,1,61,15,1,1,56,1,15,32,2,10,5,1,7,429,2,0,3,0,0,0,0,0,0,0,0,0,0,0,0,0,0,0,0
14,1,1,3,0,0,1,0,0,1,0,0,0,0,0,0,0,0,0,0,0,0,0,25,0,1,0,0,2,1,0,0,0,0,0,0,0,0,0,0,0,0,0
161,1,1,37,6,9,1,11,1,1,61,15,1,1,55,1,15,32,2,10,5,1,7,440,2,0,3,0,0,0,0,0,0,0,0,0,0,0,0,0,0,0,0
155,1,1,31,6,9,1,11,1,1,61,15,1,1,55,1,15,32,2,10,5,1,7,428,2,0,3,0,0,0,0,0,0,0,0,0,0,0,0,0,0,0,0
155,1,1,31,6,9,1,11,1,1,61,15,1,1,55,1,15,32,2,10,5,1,7,428,2,0,3,0,0,0,0,0,0,0,0,0,0,0,0,0,0,0,0
155,1,1,31,6,9,1,11,1,1,61,15,1,1,55,1,15,32,2,10,5,1,7,428,2,0,3,0,0,0,0,0,0,0,0,0,0,0,0,0,0,0,0
156,1,1,31,6,9,1,11,1,1,61,15,1,1,55,1,15,32,2,10,5,1,7,429,2,0,3,0,0,0,0,0,0,0,0,0,0,0,0,0,0,0,0
155,1,1,31,6,9,1,11,1,1,61,15,1,1,55,1,15,32,2,10,5,1,7,428,2,0,3,0,0,0,0,0,0,0,0,0,0,0,0,0,0,0,0
155,1,1,31,6,9,1,11,1,1,61,15,1,1,55,1,15,32,2,10,5,1,7,428,2,0,3,0,0,0,0,0,0,0,0,0,0,0,0,0,0,0,0
154,1,1,31,6,9,1,11,1,1,61,15,1,1,55,1,15,32,2,10,5,1,7,427,2,0,3,0,0,0,0,0,0,0,0,0,0,0,0,0,0,0,0
156,1,1,31,6,9,1,11,1,1,61,15,1,1,55,1,15,32,2,10,5,1,7,429,2,0,3,0,0,0,0,0,0,0,0,0,0,0,0,0,0,0,0
156,1,1,31,6,9,1,11,1,1,61,15,1,1,55,1,15,32,2,10,5,1,7,429,2,0,3,0,0,0,0,0,0,0,0,0,0,0,0,0,0,0,0
155,1,1,31,6,9,1,11,1,1,61,15,1,1,55,1,15,32,2,10,5,1,7,428,2,0,3,0,0,0,0,0,0,0,0,0,0,0,0,0,0,0,0
156,1,1,31,6,9,1,11,1,1,61,15,1,1,55,1,15,32,2,10,5,1,7,429,2,0,3,0,0,0,0,0,0,0,0,0,0,0,0,0,0,0,0
156,1,1,31,6,9,1,11,1,1,61,15,1,1,55,1,15,32,2,10,5,1,7,429,2,0,3,0,0,0,0,0,0,0,0,0,0,0,0,0,0,0,0
155,1,1,31,6,9,1,11,1,1,61,15,1,1,55,1,15,32,2,10,5,1,7,428,2,0,3,0,0,0,0,0,0,0,0,0,0,0,0,0,0,0,0
113,1,1,25,6,9,1,9,1,1,52,15,1,1,52,1,15,30,2,10,5,1,7,362,0,0,3,0,0,0,0,0,0,0,0,0,0,0,0,0,0,0,0
157,1,1,31,6,9,1,11,1,1,61,15,1,1,55,1,15,32,2,10,5,1,7,430,2,0,3,0,0,0,0,0,0,0,0,0,0,0,0,0,0,0,0
109,1,1,25,6,9,1,9,1,1,51,15,1,1,51,1,15,29,2,10,3,1,7,353,0,0,3,0,0,0,0,0,0,0,0,0,0,0,0,0,0,0,0
109,1,1,25,6,9,1,9,1,1,51,15,1,1,51,1,15,29,2,10,3,1,7,353,0,0,3,0,0,0,0,0,0,0,0,0,0,0,0,0,0,0,0
108,1,1,25,6,9,1,9,1,1,51,15,1,1,51,1,15,29,2,10,3,1,7,352,0,0,3,0,0,0,0,0,0,0,0,0,0,0,0,0,0,0,0
109,1,1,25,6,9,1,9,1,1,51,15,1,1,51,1,15,29,2,10,3,1,7,353,0,0,3,0,0,0,0,0,0,0,0,0,0,0,0,0,0,0,0
109,1,1,25,6,9,1,9,1,1,51,15,1,1,51,1,15,29,2,10,3,1,7,353,0,0,3,0,0,0,0,0,0,0,0,0,0,0,0,0,0,0,0
109,1,1,25,6,9,1,9,1,1,51,15,1,1,51,1,15,29,2,10,3,1,7,353,0,0,3,0,0,0,0,0,0,0,0,0,0,0,0,0,0,0,0
152,1,1,31,6,9,1,11,1,1,60,15,1,1,54,1,15,31,2,10,3,1,7,420,2,0,3,0,0,0,0,0,0,0,0,0,0,0,0,0,0,0,0
154,1,1,31,6,9,1,11,1,1,61,15,1,1,54,1,15,32,2,10,5,1,7,426,2,0,3,0,0,0,0,0,0,0,0,0,0,0,0,0,0,0,0
111,1,1,25,6,9,1,9,1,1,52,15,1,1,51,1,15,30,2,10,5,1,7,359,0,0,3,0,0,0,0,0,0,0,0,0,0,0,0,0,0,0,0
110,1,1,25,6,9,1,9,1,1,52,15,1,1,51,1,15,30,2,10,5,1,7,358,0,0,3,0,0,0,0,0,0,0,0,0,0,0,0,0,0,0,0
154,1,1,31,6,9,1,11,1,1,61,15,1,1,54,1,15,32,2,10,5,1,7,426,2,0,3,0,0,0,0,0,0,0,0,0,0,0,0,0,0,0,0
111,1,1,25,6,9,1,9,1,1,52,15,1,1,51,1,15,30,2,10,5,1,7,359,0,0,3,0,0,0,0,0,0,0,0,0,0,0,0,0,0,0,0
111,1,1,25,6,9,1,9,1,1,52,15,1,1,51,1,15,30,2,10,5,1,7,359,0,0,3,0,0,0,0,0,0,0,0,0,0,0,0,0,0,0,0
154,1,1,31,6,9,1,11,1,1,61,15,1,1,54,1,15,32,2,10,5,1,7,426,2,0,3,0,0,0,0,0,0,0,0,0,0,0,0,0,0,0,0
154,1,1,31,6,9,1,11,1,1,61,15,1,1,55,1,15,32,2,10,5,1,8,428,2,0,3,0,0,0,0,0,0,0,0,0,0,0,0,0,0,0,0
155,1,1,31,6,9,1,11,1,1,61,15,1,1,55,1,15,32,2,10,5,1,8,429,2,0,3,0,0,0,0,0,0,0,0,0,0,0,0,0,0,0,0
112,1,1,25,6,9,1,9,1,1,52,15,1,1,52,1,15,30,2,10,5,1,8,362,0,0,3,0,0,0,0,0,0,0,0,0,0,0,0,0,0,0,0
111,1,1,25,6,9,1,9,1,1,52,15,1,1,52,1,15,30,2,10,5,1,8,361,0,0,3,0,0,0,0,0,0,0,0,0,0,0,0,0,0,0,0
111,1,1,25,6,9,1,9,1,1,52,15,1,1,52,1,15,30,2,10,5,1,8,361,0,0,3,0,0,0,0,0,0,0,0,0,0,0,0,0,0,0,0
112,1,1,25,6,9,1,9,1,1,52,15,1,1,52,1,15,30,2,10,5,1,8,362,0,0,3,0,0,0,0,0,0,0,0,0,0,0,0,0,0,0,0
113,1,1,25,6,9,1,9,1,1,52,15,1,1,52,1,15,30,2,10,5,1,8,363,0,0,3,0,0,0,0,0,0,0,0,0,0,0,0,0,0,0,0
112,1,1,25,6,9,1,9,1,1,52,15,1,1,52,1,15,30,2,10,5,1,8,362,0,0,3,0,0,0,0,0,0,0,0,0,0,0,0,0,0,0,0
112,1,1,25,6,9,1,9,1,1,52,15,1,1,52,1,15,30,2,10,5,1,8,362,0,0,3,0,0,0,0,0,0,0,0,0,0,0,0,0,0,0,0
112,1,1,25,6,9,1,9,1,1,52,15,1,1,52,1,15,30,2,10,5,1,8,362,0,0,3,0,0,0,0,0,0,0,0,0,0,0,0,0,0,0,0
112,1,1,25,6,9,1,9,1,1,52,15,1,1,52,1,15,30,2,10,5,1,8,362,0,0,3,0,0,0,0,0,0,0,0,0,0,0,0,0,0,0,0
154,1,1,31,6,9,1,11,1,1,61,15,1,1,55,1,15,32,2,10,5,1,8,428,2,0,3,0,0,0,0,0,0,0,0,0,0,0,0,0,0,0,0
112,1,1,25,6,9,1,9,1,1,52,15,1,1,52,1,15,30,2,10,5,1,8,362,0,0,3,0,0,0,0,0,0,0,0,0,0,0,0,0,0,0,0
154,1,1,31,6,9,1,11,1,1,61,15,1,1,55,1,15,32,2,10,5,1,8,428,2,0,3,0,0,0,0,0,0,0,0,0,0,0,0,0,0,0,0
155,1,1,31,6,9,1,11,1,1,61,15,1,1,55,1,15,32,2,10,5,1,8,429,2,0,3,0,0,0,0,0,0,0,0,0,0,0,0,0,0,0,0
112,1,1,25,6,9,1,9,1,1,52,15,1,1,52,1,15,30,2,10,5,1,8,362,0,0,3,0,0,0,0,0,0,0,0,0,0,0,0,0,0,0,0
113,1,1,25,6,9,1,9,1,1,52,15,1,1,52,1,15,30,2,10,5,1,8,363,0,0,3,0,0,0,0,0,0,0,0,0,0,0,0,0,0,0,0
112,1,1,25,6,9,1,9,1,1,52,15,1,1,52,1,15,30,2,10,5,1,8,362,0,0,3,0,0,0,0,0,0,0,0,0,0,0,0,0,0,0,0
112,1,1,25,6,9,1,9,1,1,52,15,1,1,52,1,15,30,2,10,5,1,8,362,0,0,3,0,0,0,0,0,0,0,0,0,0,0,0,0,0,0,0
113,1,1,25,6,9,1,9,1,1,52,15,1,1,52,1,15,30,2,10,5,1,8,363,0,0,3,0,0,0,0,0,0,0,0,0,0,0,0,0,0,0,0
114,1,1,25,6,9,1,9,1,1,52,15,1,1,52,1,15,30,2,10,5,1,8,364,0,0,3,0,0,0,0,0,0,0,0,0,0,0,0,0,0,0,0
156,1,1,31,6,9,1,11,1,1,61,15,1,1,55,1,15,32,2,10,5,1,8,430,2,0,3,0,0,0,0,0,0,0,0,0,0,0,0,0,0,0,0
110,1,1,24,6,9,1,9,1,1,52,15,1,1,51,1,15,30,2,10,5,1,7,357,0,0,3,0,0,0,0,0,0,0,0,0,0,0,0,0,0,0,0
110,1,1,24,6,9,1,9,1,1,52,15,1,1,51,1,15,30,2,10,5,1,7,357,0,0,3,0,0,0,0,0,0,0,0,0,0,0,0,0,0,0,0
110,1,1,24,6,9,1,9,1,1,52,15,1,1,51,1,15,30,2,10,5,1,7,357,0,0,3,0,0,0,0,0,0,0,0,0,0,0,0,0,0,0,0
111,1,1,24,6,9,1,9,1,1,52,15,1,1,51,1,15,30,2,10,5,1,7,358,0,0,3,0,0,0,0,0,0,0,0,0,0,0,0,0,0,0,0
110,1,1,24,6,9,1,9,1,1,52,15,1,1,51,1,15,30,2,10,5,1,7,357,0,0,3,0,0,0,0,0,0,0,0,0,0,0,0,0,0,0,0
153,1,1,30,6,9,1,11,1,1,61,15,1,1,54,1,15,32,2,10,5,1,7,424,2,0,3,0,0,0,0,0,0,0,0,0,0,0,0,0,0,0,0
111,1,1,24,6,9,1,9,1,1,52,15,1,1,51,1,15,30,2,10,5,1,7,358,0,0,3,0,0,0,0,0,0,0,0,0,0,0,0,0,0,0,0
110,1,1,24,6,9,1,9,1,1,52,15,1,1,51,1,15,30,2,10,5,1,7,357,0,0,3,0,0,0,0,0,0,0,0,0,0,0,0,0,0,0,0
111,1,1,24,6,9,1,9,1,1,52,15,1,1,51,1,15,30,2,10,5,1,7,358,0,0,3,0,0,0,0,0,0,0,0,0,0,0,0,0,0,0,0
111,1,1,24,6,9,1,9,1,1,52,15,1,1,51,1,15,30,2,10,5,1,7,358,0,0,3,0,0,0,0,0,0,0,0,0,0,0,0,0,0,0,0
110,1,1,24,6,9,1,9,1,1,52,15,1,1,51,1,15,30,2,10,5,1,7,357,0,0,3,0,0,0,0,0,0,0,0,0,0,0,0,0,0,0,0
111,1,1,24,6,9,1,9,1,1,52,15,1,1,51,1,15,30,2,10,5,1,7,358,0,0,3,0,0,0,0,0,0,0,0,0,0,0,0,0,0,0,0
154,1,1,30,6,9,1,11,1,1,61,15,1,1,54,1,15,32,2,10,5,1,7,425,2,0,3,0,0,0,0,0,0,0,0,0,0,0,0,0,0,0,0
111,1,1,24,6,9,1,9,1,1,52,15,1,1,51,1,15,30,2,10,5,1,7,358,0,0,3,0,0,0,0,0,0,0,0,0,0,0,0,0,0,0,0
112,1,1,24,6,9,1,9,1,1,52,15,1,1,51,1,15,30,2,10,5,1,7,359,0,0,3,0,0,0,0,0,0,0,0,0,0,0,0,0,0,0,0
111,1,1,24,6,9,1,9,1,1,52,15,1,1,51,1,15,30,2,10,5,1,7,358,0,0,3,0,0,0,0,0,0,0,0,0,0,0,0,0,0,0,0
110,1,1,24,6,9,1,9,1,1,52,15,1,1,51,1,15,30,2,10,5,1,7,357,0,0,3,0,0,0,0,0,0,0,0,0,0,0,0,0,0,0,0
111,1,1,24,6,9,1,9,1,1,52,15,1,1,51,1,15,30,2,10,5,1,7,358,0,0,3,0,0,0,0,0,0,0,0,0,0,0,0,0,0,0,0
110,1,1,24,6,9,1,9,1,1,52,15,1,1,51,1,15,30,2,10,5,1,7,357,0,0,3,0,0,0,0,0,0,0,0,0,0,0,0,0,0,0,0
178,1,1,26,6,9,1,10,1,1,66,23,1,1,62,1,15,33,2,10,5,1,11,470,0,2,3,0,0,0,0,0,0,0,0,0,0,0,0,0,0,0,0
110,1,1,24,6,9,1,9,1,1,52,15,1,1,51,1,15,30,2,10,5,1,7,357,0,0,3,0,0,0,0,0,0,0,0,0,0,0,0,0,0,0,0
110,1,1,24,6,9,1,9,1,1,52,15,1,1,51,1,15,30,2,10,5,1,7,357,0,0,3,0,0,0,0,0,0,0,0,0,0,0,0,0,0,0,0
111,1,1,24,6,9,1,9,1,1,52,15,1,1,51,1,15,30,2,10,5,1,7,358,0,0,3,0,0,0,0,0,0,0,0,0,0,0,0,0,0,0,0
111,1,1,24,6,9,1,9,1,1,52,15,1,1,51,1,15,30,2,10,5,1,7,358,0,0,3,0,0,0,0,0,0,0,0,0,0,0,0,0,0,0,0
110,1,1,24,6,9,1,9,1,1,52,15,1,1,51,1,15,30,2,10,5,1,7,357,0,0,3,0,0,0,0,0,0,0,0,0,0,0,0,0,0,0,0
110,1,1,24,6,9,1,9,1,1,52,15,1,1,51,1,15,30,2,10,5,1,7,357,0,0,3,0,0,0,0,0,0,0,0,0,0,0,0,0,0,0,0
154,1,1,30,6,9,1,11,1,1,61,15,1,1,54,1,15,32,2,10,5,1,7,425,2,0,3,0,0,0,0,0,0,0,0,0,0,0,0,0,0,0,0
108,1,1,24,6,9,1,9,1,1,51,15,1,1,51,1,15,29,2,10,3,1,7,351,0,0,3,0,0,0,0,0,0,0,0,0,0,0,0,0,0,0,0
108,1,1,24,6,9,1,9,1,1,51,15,1,1,51,1,15,29,2,10,3,1,7,351,0,0,3,0,0,0,0,0,0,0,0,0,0,0,0,0,0,0,0
49,1,1,11,2,2,1,2,0,1,9,0,0,0,3,0,0,2,0,0,0,0,0,87,2,0,0,1,0,0,0,0,0,0,0,0,0,0,0,0,0,0,0
108,1,1,24,6,9,1,9,1,1,51,15,1,1,51,1,15,29,2,10,3,1,7,351,0,0,3,0,0,0,0,0,0,0,0,0,0,0,0,0,0,0,0
108,1,1,24,6,9,1,9,1,1,51,15,1,1,51,1,15,29,2,10,3,1,7,351,0,0,3,0,0,0,0,0,0,0,0,0,0,0,0,0,0,0,0
108,1,1,24,6,9,1,9,1,1,51,15,1,1,51,1,15,29,2,10,3,1,7,351,0,0,3,0,0,0,0,0,0,0,0,0,0,0,0,0,0,0,0
108,1,1,24,6,9,1,9,1,1,51,15,1,1,51,1,15,29,2,10,3,1,7,351,0,0,3,0,0,0,0,0,0,0,0,0,0,0,0,0,0,0,0
107,1,1,24,6,9,1,9,1,1,51,15,1,1,51,1,15,29,2,10,3,1,7,350,0,0,3,0,0,0,0,0,0,0,0,0,0,0,0,0,0,0,0
108,1,1,24,6,9,1,9,1,1,51,15,1,1,51,1,15,29,2,10,3,1,7,351,0,0,3,0,0,0,0,0,0,0,0,0,0,0,0,0,0,0,0
107,1,1,24,6,9,1,9,1,1,51,15,1,1,51,1,15,29,2,10,3,1,7,350,0,0,3,0,0,0,0,0,0,0,0,0,0,0,0,0,0,0,0
108,1,1,24,6,9,1,9,1,1,51,15,1,1,51,1,15,29,2,10,3,1,7,351,0,0,3,0,0,0,0,0,0,0,0,0,0,0,0,0,0,0,0
107,1,1,24,6,9,1,9,1,1,51,15,1,1,51,1,15,29,2,10,3,1,7,350,0,0,3,0,0,0,0,0,0,0,0,0,0,0,0,0,0,0,0
108,1,1,24,6,9,1,9,1,1,51,15,1,1,51,1,15,29,2,10,3,1,7,351,0,0,3,0,0,0,0,0,0,0,0,0,0,0,0,0,0,0,0
114,1,1,30,6,9,1,9,1,1,51,15,1,1,51,1,15,29,2,10,3,1,7,363,0,0,3,0,0,0,0,0,0,0,0,0,0,0,0,0,0,0,0
107,1,1,24,6,9,1,9,1,1,51,15,1,1,51,1,15,29,2,10,3,1,7,350,0,0,3,0,0,0,0,0,0,0,0,0,0,0,0,0,0,0,0
107,1,1,24,6,9,1,9,1,1,51,15,1,1,51,1,15,29,2,10,3,1,7,350,0,0,3,0,0,0,0,0,0,0,0,0,0,0,0,0,0,0,0
109,1,1,24,6,9,1,9,1,1,51,15,1,1,52,1,15,29,2,10,3,1,8,354,0,0,3,0,0,0,0,0,0,0,0,0,0,0,0,0,0,0,0
108,1,1,24,6,9,1,9,1,1,51,15,1,1,52,1,15,29,2,10,3,1,8,353,0,0,3,0,0,0,0,0,0,0,0,0,0,0,0,0,0,0,0
152,1,1,30,6,9,1,11,1,1,60,15,1,1,55,1,15,31,2,10,3,1,8,421,2,0,3,0,0,0,0,0,0,0,0,0,0,0,0,0,0,0,0
151,1,1,30,6,9,1,11,1,1,60,15,1,1,55,1,15,31,2,10,3,1,8,420,2,0,3,0,0,0,0,0,0,0,0,0,0,0,0,0,0,0,0
177,1,1,26,6,9,1,10,1,1,65,23,1,1,63,1,15,32,2,10,3,1,12,467,0,2,3,0,0,0,0,0,0,0,0,0,0,0,0,0,0,0,0
114,1,1,30,6,9,1,9,1,1,51,15,1,1,52,1,15,29,2,10,3,1,8,365,0,0,3,0,0,0,0,0,0,0,0,0,0,0,0,0,0,0,0
151,1,1,30,6,9,1,11,1,1,60,15,1,1,55,1,15,31,2,10,3,1,8,420,2,0,3,0,0,0,0,0,0,0,0,0,0,0,0,0,0,0,0
152,1,1,30,6,9,1,11,1,1,60,15,1,1,55,1,15,31,2,10,3,1,8,421,2,0,3,0,0,0,0,0,0,0,0,0,0,0,0,0,0,0,0
152,1,1,30,6,9,1,11,1,1,60,15,1,1,55,1,15,31,2,10,3,1,8,421,2,0,3,0,0,0,0,0,0,0,0,0,0,0,0,0,0,0,0
151,1,1,30,6,9,1,11,1,1,60,15,1,1,55,1,15,31,2,10,3,1,8,420,2,0,3,0,0,0,0,0,0,0,0,0,0,0,0,0,0,0,0
152,1,1,30,6,9,1,11,1,1,60,15,1,1,55,1,15,31,2,10,3,1,8,421,2,0,3,0,0,0,0,0,0,0,0,0,0,0,0,0,0,0,0
152,1,1,30,6,9,1,11,1,1,60,15,1,1,55,1,15,31,2,10,3,1,8,421,2,0,3,0,0,0,0,0,0,0,0,0,0,0,0,0,0,0,0
152,1,1,30,6,9,1,11,1,1,60,15,1,1,55,1,15,31,2,10,3,1,8,421,2,0,3,0,0,0,0,0,0,0,0,0,0,0,0,0,0,0,0
109,1,1,24,6,9,1,9,1,1,51,15,1,1,52,1,15,29,2,10,3,1,8,354,0,0,3,0,0,0,0,0,0,0,0,0,0,0,0,0,0,0,0
109,1,1,24,6,9,1,9,1,1,51,15,1,1,52,1,15,29,2,10,3,1,8,354,0,0,3,0,0,0,0,0,0,0,0,0,0,0,0,0,0,0,0
110,1,1,24,6,9,1,9,1,1,51,14,1,1,52,1,15,29,2,10,3,1,8,354,0,0,3,0,0,0,0,0,0,0,0,0,0,0,0,0,0,0,0
109,1,1,24,6,9,1,9,1,1,51,14,1,1,52,1,15,29,2,10,3,1,8,353,0,0,3,0,0,0,0,0,0,0,0,0,0,0,0,0,0,0,0
152,1,1,30,6,9,1,11,1,1,60,14,1,1,55,1,15,31,2,10,3,1,8,420,2,0,3,0,0,0,0,0,0,0,0,0,0,0,0,0,0,0,0
152,1,1,30,6,9,1,11,1,1,60,14,1,1,55,1,15,31,2,10,3,1,8,420,2,0,3,0,0,0,0,0,0,0,0,0,0,0,0,0,0,0,0
109,1,1,24,6,9,1,9,1,1,51,14,1,1,52,1,15,29,2,10,3,1,8,353,0,0,3,0,0,0,0,0,0,0,0,0,0,0,0,0,0,0,0
109,1,1,24,6,9,1,9,1,1,51,14,1,1,52,1,15,29,2,10,3,1,8,353,0,0,3,0,0,0,0,0,0,0,0,0,0,0,0,0,0,0,0
108,1,1,24,6,9,1,9,1,1,51,14,1,1,51,1,15,29,2,10,3,1,7,350,0,0,3,0,0,0,0,0,0,0,0,0,0,0,0,0,0,0,0
151,1,1,30,6,9,1,11,1,1,60,14,1,1,54,1,15,31,2,10,3,1,7,417,2,0,3,0,0,0,0,0,0,0,0,0,0,0,0,0,0,0,0
108,1,1,24,6,9,1,9,1,1,51,14,1,1,51,1,15,29,2,10,3,1,7,350,0,0,3,0,0,0,0,0,0,0,0,0,0,0,0,0,0,0,0
108,1,1,24,6,9,1,9,1,1,51,14,1,1,51,1,15,29,2,10,3,1,7,350,0,0,3,0,0,0,0,0,0,0,0,0,0,0,0,0,0,0,0
105,1,1,24,6,9,1,9,1,1,51,14,1,1,51,1,15,29,2,10,3,1,7,347,0,0,3,0,0,0,0,0,0,0,0,0,0,0,0,0,0,0,0
105,1,1,24,6,9,1,9,1,1,51,14,1,1,51,1,15,29,2,10,3,1,7,347,0,0,3,0,0,0,0,0,0,0,0,0,0,0,0,0,0,0,0
105,1,1,24,6,9,1,9,1,1,51,14,1,1,51,1,15,29,2,10,3,1,7,347,0,0,3,0,0,0,0,0,0,0,0,0,0,0,0,0,0,0,0
105,1,1,24,6,9,1,9,1,1,51,14,1,1,51,1,15,29,2,10,3,1,7,347,0,0,3,0,0,0,0,0,0,0,0,0,0,0,0,0,0,0,0
148,1,1,30,6,9,1,11,1,1,60,14,1,1,54,1,15,31,2,10,3,1,7,414,2,0,3,0,0,0,0,0,0,0,0,0,0,0,0,0,0,0,0
105,1,1,24,6,9,1,9,1,1,51,14,1,1,51,1,15,29,2,10,3,1,7,347,0,0,3,0,0,0,0,0,0,0,0,0,0,0,0,0,0,0,0
148,1,1,30,6,9,1,11,1,1,60,14,1,1,54,1,15,31,2,10,3,1,7,414,2,0,3,0,0,0,0,0,0,0,0,0,0,0,0,0,0,0,0
105,1,1,24,6,9,1,9,1,1,51,14,1,1,51,1,15,29,2,10,3,1,7,347,0,0,3,0,0,0,0,0,0,0,0,0,0,0,0,0,0,0,0
105,1,1,24,6,9,1,9,1,1,51,14,1,1,51,1,15,29,2,10,3,1,7,347,0,0,3,0,0,0,0,0,0,0,0,0,0,0,0,0,0,0,0
105,1,1,24,6,9,1,9,1,1,51,14,1,1,51,1,15,29,2,10,3,1,7,347,0,0,3,0,0,0,0,0,0,0,0,0,0,0,0,0,0,0,0
105,1,1,24,6,9,1,9,1,1,51,14,1,1,51,1,15,29,2,10,3,1,7,347,0,0,3,0,0,0,0,0,0,0,0,0,0,0,0,0,0,0,0
49,1,1,11,2,2,1,2,0,1,9,0,0,0,3,0,0,2,0,0,0,0,0,87,2,0,0,1,0,0,0,0,0,0,0,0,0,0,0,0,0,0,0
105,1,1,24,6,9,1,9,1,1,51,14,1,1,51,1,15,29,2,10,3,1,7,347,0,0,3,0,0,0,0,0,0,0,0,0,0,0,0,0,0,0,0
111,1,1,30,6,9,1,9,1,1,51,14,1,1,51,1,15,29,2,10,3,1,7,359,0,0,3,0,0,0,0,0,0,0,0,0,0,0,0,0,0,0,0
105,1,1,24,6,9,1,9,1,1,51,14,1,1,51,1,15,29,2,10,3,1,7,347,0,0,3,0,0,0,0,0,0,0,0,0,0,0,0,0,0,0,0
105,1,1,24,6,9,1,9,1,1,51,14,1,1,51,1,15,29,2,10,3,1,7,347,0,0,3,0,0,0,0,0,0,0,0,0,0,0,0,0,0,0,0
116,1,1,24,6,9,1,9,1,1,51,14,1,1,50,1,15,29,2,10,3,1,7,357,0,0,3,0,0,0,0,0,0,0,0,0,0,0,0,0,0,0,0
116,1,1,24,6,9,1,9,1,1,51,14,1,1,50,1,15,29,2,10,3,1,7,357,0,0,3,0,0,0,0,0,0,0,0,0,0,0,0,0,0,0,0
116,1,1,24,6,9,1,9,1,1,51,14,1,1,50,1,15,29,2,10,3,1,7,357,0,0,3,0,0,0,0,0,0,0,0,0,0,0,0,0,0,0,0
116,1,1,24,6,9,1,9,1,1,51,14,1,1,50,1,15,29,2,10,3,1,7,357,0,0,3,0,0,0,0,0,0,0,0,0,0,0,0,0,0,0,0
116,1,1,24,6,9,1,9,1,1,51,14,1,1,50,1,15,29,2,10,3,1,7,357,0,0,3,0,0,0,0,0,0,0,0,0,0,0,0,0,0,0,0
49,1,1,11,2,2,1,2,0,1,9,0,0,0,3,0,0,2,0,0,0,0,0,87,2,0,0,1,0,0,0,0,0,0,0,0,0,0,0,0,0,0,0
116,1,1,24,6,9,1,9,1,1,51,14,1,1,50,1,15,29,2,10,3,1,7,357,0,0,3,0,0,0,0,0,0,0,0,0,0,0,0,0,0,0,0
116,1,1,24,6,9,1,9,1,1,51,14,1,1,50,1,15,29,2,10,3,1,7,357,0,0,3,0,0,0,0,0,0,0,0,0,0,0,0,0,0,0,0
159,1,1,30,6,9,1,11,1,1,60,14,1,1,53,1,15,31,2,10,3,1,7,424,2,0,3,0,0,0,0,0,0,0,0,0,0,0,0,0,0,0,0
159,1,1,30,6,9,1,11,1,1,60,14,1,1,53,1,15,31,2,10,3,1,7,424,2,0,3,0,0,0,0,0,0,0,0,0,0,0,0,0,0,0,0
116,1,1,24,6,9,1,9,1,1,51,14,1,1,50,1,15,29,2,10,3,1,7,357,0,0,3,0,0,0,0,0,0,0,0,0,0,0,0,0,0,0,0
116,1,1,24,6,9,1,9,1,1,51,14,1,1,50,1,15,29,2,10,3,1,7,357,0,0,3,0,0,0,0,0,0,0,0,0,0,0,0,0,0,0,0
159,1,1,30,6,9,1,11,1,1,60,14,1,1,53,1,15,31,2,10,3,1,7,424,2,0,3,0,0,0,0,0,0,0,0,0,0,0,0,0,0,0,0
116,1,1,24,6,9,1,9,1,1,51,14,1,1,50,1,15,29,2,10,3,1,7,357,0,0,3,0,0,0,0,0,0,0,0,0,0,0,0,0,0,0,0
116,1,1,24,6,9,1,9,1,1,51,14,1,1,50,1,15,29,2,10,3,1,7,357,0,0,3,0,0,0,0,0,0,0,0,0,0,0,0,0,0,0,0
117,1,1,24,6,9,1,9,1,1,51,14,1,1,51,1,15,29,2,10,3,1,7,359,0,0,3,0,0,0,0,0,0,0,0,0,0,0,0,0,0,0,0
117,1,1,24,6,9,1,9,1,1,51,14,1,1,51,1,15,29,2,10,3,1,7,359,0,0,3,0,0,0,0,0,0,0,0,0,0,0,0,0,0,0,0
117,1,1,24,6,9,1,9,1,1,51,14,1,1,51,1,15,29,2,10,3,1,7,359,0,0,3,0,0,0,0,0,0,0,0,0,0,0,0,0,0,0,0
160,1,1,30,6,9,1,11,1,1,60,14,1,1,54,1,15,31,2,10,3,1,7,426,2,0,3,0,0,0,0,0,0,0,0,0,0,0,0,0,0,0,0
160,1,1,30,6,9,1,11,1,1,60,14,1,1,54,1,15,31,2,10,3,1,7,426,2,0,3,0,0,0,0,0,0,0,0,0,0,0,0,0,0,0,0
117,1,1,24,6,9,1,9,1,1,51,14,1,1,51,1,15,29,2,10,3,1,7,359,0,0,3,0,0,0,0,0,0,0,0,0,0,0,0,0,0,0,0
118,1,1,25,6,9,1,9,1,1,51,14,1,1,51,1,15,29,2,10,3,1,7,361,0,0,3,0,0,0,0,0,0,0,0,0,0,0,0,0,0,0,0
118,1,1,25,6,9,1,9,1,1,51,14,1,1,51,1,15,29,2,10,3,1,7,361,0,0,3,0,0,0,0,0,0,0,0,0,0,0,0,0,0,0,0
118,1,1,25,6,9,1,9,1,1,51,14,1,1,51,1,15,29,2,10,3,1,7,361,0,0,3,0,0,0,0,0,0,0,0,0,0,0,0,0,0,0,0
161,1,1,31,6,9,1,11,1,1,60,14,1,1,54,1,15,31,2,10,3,1,7,428,2,0,3,0,0,0,0,0,0,0,0,0,0,0,0,0,0,0,0
163,1,1,32,6,9,1,11,1,1,61,14,1,1,55,1,15,31,2,10,3,1,7,433,2,0,3,0,0,0,0,0,0,0,0,0,0,0,0,0,0,0,0
118,1,1,25,6,9,1,9,1,1,51,14,1,1,51,1,15,29,2,10,3,1,7,361,0,0,3,0,0,0,0,0,0,0,0,0,0,0,0,0,0,0,0
118,1,1,25,6,9,1,9,1,1,51,14,1,1,51,1,15,29,2,10,3,1,7,361,0,0,3,0,0,0,0,0,0,0,0,0,0,0,0,0,0,0,0
118,1,1,25,6,9,1,9,1,1,51,14,1,1,51,1,15,29,2,10,3,1,7,361,0,0,3,0,0,0,0,0,0,0,0,0,0,0,0,0,0,0,0
118,1,1,25,6,9,1,9,1,1,51,14,1,1,51,1,15,29,2,10,3,1,7,361,0,0,3,0,0,0,0,0,0,0,0,0,0,0,0,0,0,0,0
118,1,1,25,6,9,1,9,1,1,51,14,1,1,51,1,15,29,2,10,3,1,7,361,0,0,3,0,0,0,0,0,0,0,0,0,0,0,0,0,0,0,0
118,1,1,25,6,9,1,9,1,1,51,14,1,1,51,1,15,29,2,10,3,1,7,361,0,0,3,0,0,0,0,0,0,0,0,0,0,0,0,0,0,0,0
119,1,1,25,6,9,1,9,1,1,51,14,1,1,52,1,15,29,2,10,3,1,8,364,0,0,3,0,0,0,0,0,0,0,0,0,0,0,0,0,0,0,0
119,1,1,25,6,9,1,9,1,1,51,14,1,1,52,1,15,29,2,10,3,1,8,364,0,0,3,0,0,0,0,0,0,0,0,0,0,0,0,0,0,0,0
119,1,1,25,6,9,1,9,1,1,51,14,1,1,52,1,15,29,2,10,3,1,8,364,0,0,3,0,0,0,0,0,0,0,0,0,0,0,0,0,0,0,0
118,1,1,25,6,9,1,9,1,1,51,14,1,1,51,1,15,29,2,10,3,1,7,361,0,0,3,0,0,0,0,0,0,0,0,0,0,0,0,0,0,0,0
118,1,1,25,6,9,1,9,1,1,51,14,1,1,51,1,15,29,2,10,3,1,7,361,0,0,3,0,0,0,0,0,0,0,0,0,0,0,0,0,0,0,0
118,1,1,25,6,9,1,9,1,1,51,14,1,1,51,1,15,29,2,10,3,1,7,361,0,0,3,0,0,0,0,0,0,0,0,0,0,0,0,0,0,0,0
118,1,1,25,6,9,1,9,1,1,51,14,1,1,51,1,15,29,2,10,3,1,7,361,0,0,3,0,0,0,0,0,0,0,0,0,0,0,0,0,0,0,0
118,1,1,25,6,9,1,9,1,1,51,14,1,1,51,1,15,29,2,10,3,1,7,361,0,0,3,0,0,0,0,0,0,0,0,0,0,0,0,0,0,0,0
123,1,1,26,6,9,1,9,1,1,55,14,1,1,55,1,15,29,2,10,3,1,7,375,0,0,3,0,0,0,0,0,0,0,0,0,0,0,0,0,0,0,0
123,1,1,26,6,9,1,9,1,1,55,14,1,1,55,1,15,29,2,10,3,1,7,375,0,0,3,0,0,0,0,0,0,0,0,0,0,0,0,0,0,0,0
118,1,1,25,6,9,1,9,1,1,51,14,1,1,51,1,15,29,2,10,3,1,7,361,0,0,3,0,0,0,0,0,0,0,0,0,0,0,0,0,0,0,0
118,1,1,25,6,9,1,9,1,1,51,14,1,1,51,1,15,29,2,10,3,1,7,361,0,0,3,0,0,0,0,0,0,0,0,0,0,0,0,0,0,0,0
161,1,1,31,6,9,1,11,1,1,60,14,1,1,54,1,15,31,2,10,3,1,7,428,2,0,3,0,0,0,0,0,0,0,0,0,0,0,0,0,0,0,0
161,1,1,31,6,9,1,11,1,1,60,14,1,1,54,1,15,31,2,10,3,1,7,428,2,0,3,0,0,0,0,0,0,0,0,0,0,0,0,0,0,0,0
118,1,1,25,6,9,1,9,1,1,51,14,1,1,51,1,15,29,2,10,3,1,7,361,0,0,3,0,0,0,0,0,0,0,0,0,0,0,0,0,0,0,0
118,1,1,25,6,9,1,9,1,1,51,14,1,1,51,1,15,29,2,10,3,1,7,361,0,0,3,0,0,0,0,0,0,0,0,0,0,0,0,0,0,0,0
118,1,1,25,6,9,1,9,1,1,51,14,1,1,51,1,15,29,2,10,3,1,7,361,0,0,3,0,0,0,0,0,0,0,0,0,0,0,0,0,0,0,0
118,1,1,25,6,9,1,9,1,1,51,14,1,1,51,1,15,29,2,10,3,1,7,361,0,0,3,0,0,0,0,0,0,0,0,0,0,0,0,0,0,0,0
118,1,1,25,6,9,1,9,1,1,51,14,1,1,51,1,15,29,2,10,3,1,7,361,0,0,3,0,0,0,0,0,0,0,0,0,0,0,0,0,0,0,0
123,1,1,26,6,9,1,9,1,1,55,14,1,1,55,1,15,29,2,10,3,1,7,375,0,0,3,0,0,0,0,0,0,0,0,0,0,0,0,0,0,0,0
123,1,1,26,6,9,1,9,1,1,55,14,1,1,55,1,15,29,2,10,3,1,7,375,0,0,3,0,0,0,0,0,0,0,0,0,0,0,0,0,0,0,0
123,1,1,26,6,9,1,9,1,1,55,14,1,1,55,1,15,29,2,10,3,1,7,375,0,0,3,0,0,0,0,0,0,0,0,0,0,0,0,0,0,0,0
166,1,1,32,6,9,1,11,1,1,64,14,1,1,58,1,15,31,2,10,3,1,7,442,2,0,3,0,0,0,0,0,0,0,0,0,0,0,0,0,0,0,0
166,1,1,32,6,9,1,11,1,1,64,14,1,1,58,1,15,31,2,10,3,1,7,442,2,0,3,0,0,0,0,0,0,0,0,0,0,0,0,0,0,0,0
122,1,1,25,6,9,1,9,1,1,55,14,1,1,55,1,15,29,2,10,3,1,7,373,0,0,3,0,0,0,0,0,0,0,0,0,0,0,0,0,0,0,0
117,1,1,24,6,9,1,9,1,1,51,14,1,1,51,1,15,29,2,10,3,1,7,359,0,0,3,0,0,0,0,0,0,0,0,0,0,0,0,0,0,0,0
160,1,1,30,6,9,1,11,1,1,60,14,1,1,54,1,15,31,2,10,3,1,7,426,2,0,3,0,0,0,0,0,0,0,0,0,0,0,0,0,0,0,0
117,1,1,24,6,9,1,9,1,1,51,14,1,1,51,1,15,29,2,10,3,1,7,359,0,0,3,0,0,0,0,0,0,0,0,0,0,0,0,0,0,0,0
117,1,1,24,6,9,1,9,1,1,51,14,1,1,51,1,15,29,2,10,3,1,7,359,0,0,3,0,0,0,0,0,0,0,0,0,0,0,0,0,0,0,0
160,1,1,30,6,9,1,11,1,1,60,14,1,1,54,1,15,31,2,10,3,1,7,426,2,0,3,0,0,0,0,0,0,0,0,0,0,0,0,0,0,0,0
117,1,1,24,6,9,1,9,1,1,51,14,1,1,51,1,15,29,2,10,3,1,7,359,0,0,3,0,0,0,0,0,0,0,0,0,0,0,0,0,0,0,0
162,1,1,31,6,9,1,11,1,1,61,14,1,1,55,1,15,31,2,10,3,1,7,431,2,0,3,0,0,0,0,0,0,0,0,0,0,0,0,0,0,0,0
49,1,1,11,2,2,1,2,0,1,9,0,0,0,3,0,0,2,0,0,0,0,0,87,2,0,0,1,0,0,0,0,0,0,0,0,0,0,0,0,0,0,0
162,1,1,30,6,9,1,11,1,1,59,14,1,1,55,1,15,31,2,10,3,1,7,428,2,0,3,0,0,0,0,0,0,0,0,0,0,0,0,0,0,0,0
162,1,1,30,6,9,1,11,1,1,59,14,1,1,55,1,15,31,2,10,3,1,7,428,2,0,3,0,0,0,0,0,0,0,0,0,0,0,0,0,0,0,0
137,1,1,23,6,9,1,9,1,1,71,26,1,1,65,1,15,63,2,12,5,1,7,462,0,0,3,0,0,0,0,0,0,0,0,0,0,0,0,0,0,0,0
119,1,1,24,6,9,1,9,1,1,50,14,1,1,52,1,15,29,2,10,3,1,7,361,0,0,3,0,0,0,0,0,0,0,0,0,0,0,0,0,0,0,0
119,1,1,24,6,9,1,9,1,1,50,14,1,1,52,1,15,29,2,10,3,1,7,361,0,0,3,0,0,0,0,0,0,0,0,0,0,0,0,0,0,0,0
119,1,1,24,6,9,1,9,1,1,50,14,1,1,52,1,15,29,2,10,3,1,7,361,0,0,3,0,0,0,0,0,0,0,0,0,0,0,0,0,0,0,0
119,1,1,24,6,9,1,9,1,1,50,14,1,1,52,1,15,29,2,10,3,1,7,361,0,0,3,0,0,0,0,0,0,0,0,0,0,0,0,0,0,0,0
182,1,1,29,6,9,1,11,1,1,79,26,1,1,69,1,15,65,2,12,5,1,7,531,2,0,3,0,0,0,0,0,0,0,0,0,0,0,0,0,0,0,0
117,1,1,24,6,9,1,9,1,1,51,14,1,1,51,1,15,29,2,10,3,1,7,359,0,0,3,0,0,0,0,0,0,0,0,0,0,0,0,0,0,0,0
160,1,1,30,6,9,1,11,1,1,60,14,1,1,54,1,15,31,2,10,3,1,7,426,2,0,3,0,0,0,0,0,0,0,0,0,0,0,0,0,0,0,0
124,1,1,25,6,9,1,9,1,1,54,14,1,1,56,1,15,29,2,10,3,1,7,375,0,0,3,0,0,0,0,0,0,0,0,0,0,0,0,0,0,0,0
119,1,1,24,6,9,1,9,1,1,50,14,1,1,52,1,15,29,2,10,3,1,7,361,0,0,3,0,0,0,0,0,0,0,0,0,0,0,0,0,0,0,0
162,1,1,30,6,9,1,11,1,1,59,14,1,1,55,1,15,31,2,10,3,1,7,428,2,0,3,0,0,0,0,0,0,0,0,0,0,0,0,0,0,0,0
119,1,1,24,6,9,1,9,1,1,48,14,1,1,52,1,15,29,2,10,3,1,7,359,0,0,3,0,0,0,0,0,0,0,0,0,0,0,0,0,0,0,0
119,1,1,24,6,9,1,9,1,1,48,14,1,1,52,1,15,29,2,10,3,1,7,359,0,0,3,0,0,0,0,0,0,0,0,0,0,0,0,0,0,0,0
119,1,1,24,6,9,1,9,1,1,48,14,1,1,52,1,15,29,2,10,3,1,7,359,0,0,3,0,0,0,0,0,0,0,0,0,0,0,0,0,0,0,0
162,1,1,30,6,9,1,11,1,1,57,14,1,1,55,1,15,31,2,10,3,1,7,426,2,0,3,0,0,0,0,0,0,0,0,0,0,0,0,0,0,0,0
162,1,1,30,6,9,1,11,1,1,57,14,1,1,55,1,15,31,2,10,3,1,7,426,2,0,3,0,0,0,0,0,0,0,0,0,0,0,0,0,0,0,0
119,1,1,24,6,9,1,8,1,1,48,14,1,1,52,1,15,29,2,10,3,1,7,358,0,0,3,0,0,0,0,0,0,0,0,0,0,0,0,0,0,0,0
119,1,1,24,6,9,1,8,1,1,48,14,1,1,52,1,15,29,2,10,3,1,7,358,0,0,3,0,0,0,0,0,0,0,0,0,0,0,0,0,0,0,0
119,1,1,24,6,9,1,8,1,1,48,14,1,1,52,1,15,29,2,10,3,1,7,358,0,0,3,0,0,0,0,0,0,0,0,0,0,0,0,0,0,0,0
119,1,1,24,6,9,1,8,1,1,48,14,1,1,52,1,15,29,2,10,3,1,7,358,0,0,3,0,0,0,0,0,0,0,0,0,0,0,0,0,0,0,0
49,1,1,11,2,2,1,2,0,1,9,0,0,0,3,0,0,2,0,0,0,0,0,87,2,0,0,1,0,0,0,0,0,0,0,0,0,0,0,0,0,0,0
119,1,1,24,6,9,1,8,1,1,48,14,1,1,52,1,15,29,2,10,3,1,7,358,0,0,3,0,0,0,0,0,0,0,0,0,0,0,0,0,0,0,0
4,1,0,0,1,0,0,0,0,0,0,0,0,0,0,0,0,0,0,0,0,0,0,6,0,0,0,0,0,0,0,0,0,0,0,0,0,0,0,0,0,0,0
162,1,1,30,6,9,1,10,1,1,57,14,1,1,55,1,15,31,2,10,3,1,7,425,2,0,3,0,0,0,0,0,0,0,0,0,0,0,0,0,0,0,0
119,1,1,24,6,9,1,8,1,1,48,14,1,1,52,1,15,29,2,10,3,1,7,358,0,0,3,0,0,0,0,0,0,0,0,0,0,0,0,0,0,0,0
119,1,1,24,6,9,1,8,1,1,48,14,1,1,52,1,15,29,2,10,3,1,7,358,0,0,3,0,0,0,0,0,0,0,0,0,0,0,0,0,0,0,0
119,1,1,24,6,9,1,8,1,1,48,14,1,1,52,1,15,29,2,10,3,1,7,358,0,0,3,0,0,0,0,0,0,0,0,0,0,0,0,0,0,0,0
119,1,1,24,6,9,1,8,1,1,48,14,1,1,52,1,15,29,2,10,3,1,7,358,0,0,3,0,0,0,0,0,0,0,0,0,0,0,0,0,0,0,0
119,1,1,24,6,9,1,8,1,1,48,14,1,1,52,1,15,29,2,10,3,1,7,358,0,0,3,0,0,0,0,0,0,0,0,0,0,0,0,0,0,0,0
119,1,1,24,6,9,1,8,1,1,48,14,1,1,52,1,15,29,2,10,3,1,7,358,0,0,3,0,0,0,0,0,0,0,0,0,0,0,0,0,0,0,0
120,1,1,24,6,9,1,12,1,1,48,14,1,1,52,1,15,30,2,10,3,1,7,364,0,0,3,0,0,0,0,0,0,0,0,0,0,0,0,0,0,0,0
120,1,1,24,6,9,1,12,1,1,48,14,1,1,52,1,15,30,2,10,3,1,7,364,0,0,3,0,0,0,0,0,0,0,0,0,0,0,0,0,0,0,0
122,1,1,24,6,9,1,12,1,1,49,15,1,1,52,1,15,31,2,10,4,1,7,370,0,0,3,0,0,0,0,0,0,0,0,0,0,0,0,0,0,0,0
122,1,1,24,6,9,1,12,1,1,49,15,1,1,52,1,15,31,2,10,4,1,7,370,0,0,3,0,0,0,0,0,0,0,0,0,0,0,0,0,0,0,0
122,1,1,24,6,9,1,12,1,1,49,15,1,1,52,1,15,31,2,10,4,1,7,370,0,0,3,0,0,0,0,0,0,0,0,0,0,0,0,0,0,0,0
122,1,1,24,6,9,1,12,1,1,49,15,1,1,52,1,15,31,2,10,4,1,7,370,0,0,3,0,0,0,0,0,0,0,0,0,0,0,0,0,0,0,0
165,1,1,30,6,9,1,14,1,1,58,15,1,1,55,1,15,33,2,10,4,1,7,437,2,0,3,0,0,0,0,0,0,0,0,0,0,0,0,0,0,0,0
122,1,1,24,6,9,1,12,1,1,49,15,1,1,52,1,15,31,2,10,4,1,7,370,0,0,3,0,0,0,0,0,0,0,0,0,0,0,0,0,0,0,0
160,1,1,30,6,9,1,13,1,1,50,13,1,1,55,1,15,32,2,10,3,1,7,419,2,0,3,0,0,0,0,0,0,0,0,0,0,0,0,0,0,0,0
119,1,1,24,7,9,1,11,2,1,41,13,1,1,52,1,15,30,2,10,3,1,7,355,0,0,2,0,0,0,0,0,0,0,0,0,0,0,0,0,0,0,0
162,1,1,30,7,9,1,13,2,1,50,13,1,1,55,1,15,32,2,10,3,1,7,422,2,0,2,0,0,0,0,0,0,0,0,0,0,0,0,0,0,0,0
119,1,1,24,7,9,1,11,2,1,41,13,1,1,52,1,15,30,2,10,3,1,7,355,0,0,2,0,0,0,0,0,0,0,0,0,0,0,0,0,0,0,0
162,1,1,30,7,9,1,13,2,1,50,13,1,1,55,1,15,32,2,10,3,1,7,422,2,0,2,0,0,0,0,0,0,0,0,0,0,0,0,0,0,0,0
162,1,1,30,7,9,1,13,2,1,50,13,1,1,55,1,15,32,2,10,3,1,7,422,2,0,2,0,0,0,0,0,0,0,0,0,0,0,0,0,0,0,0
162,1,1,30,7,9,1,13,2,1,50,13,1,1,55,1,15,32,2,10,3,1,7,422,2,0,2,0,0,0,0,0,0,0,0,0,0,0,0,0,0,0,0
162,1,1,30,7,9,1,13,2,1,50,13,1,1,55,1,15,32,2,10,3,1,7,422,2,0,2,0,0,0,0,0,0,0,0,0,0,0,0,0,0,0,0
117,1,1,24,7,9,1,11,2,1,40,12,1,1,52,1,15,29,2,10,2,1,7,349,0,0,2,0,0,0,0,0,0,0,0,0,0,0,0,0,0,0,0
160,1,1,30,7,9,1,13,2,1,49,12,1,1,55,1,15,31,2,10,2,1,7,416,2,0,2,0,0,0,0,0,0,0,0,0,0,0,0,0,0,0,0
117,1,1,24,7,9,1,11,2,1,40,12,1,1,52,1,15,29,2,10,2,1,7,349,0,0,2,0,0,0,0,0,0,0,0,0,0,0,0,0,0,0,0
94,1,1,23,7,9,1,10,2,1,24,4,1,1,34,1,15,9,1,4,1,1,9,255,0,0,1,0,0,0,0,0,0,0,0,0,0,0,0,0,0,0,0
163,1,1,25,7,9,1,11,2,1,38,12,1,1,45,1,15,12,1,4,1,1,13,369,0,2,1,0,0,0,0,0,0,0,0,0,0,0,0,0,0,0,0
123,1,1,29,6,9,1,12,2,1,33,4,1,1,37,1,15,11,1,4,1,1,9,307,2,0,1,0,0,0,0,0,0,0,0,0,0,0,0,0,0,0,0
129,1,1,35,6,9,1,12,2,1,33,4,1,1,37,1,15,11,1,4,1,1,9,319,2,0,1,0,0,0,0,0,0,0,0,0,0,0,0,0,0,0,0
80,1,1,23,6,9,1,10,2,1,24,4,1,1,34,1,15,9,1,4,1,1,9,240,0,0,1,0,0,0,0,0,0,0,0,0,0,0,0,0,0,0,0
123,1,1,29,6,9,1,12,2,1,33,4,1,1,37,1,15,11,1,4,1,1,9,307,2,0,1,0,0,0,0,0,0,0,0,0,0,0,0,0,0,0,0
123,1,1,29,6,9,1,12,2,1,33,4,1,1,37,1,15,11,1,4,1,1,9,307,2,0,1,0,0,0,0,0,0,0,0,0,0,0,0,0,0,0,0
123,1,1,29,6,9,1,12,2,1,33,4,1,1,37,1,15,11,1,4,1,1,9,307,2,0,1,0,0,0,0,0,0,0,0,0,0,0,0,0,0,0,0
123,1,1,29,6,9,1,12,2,1,33,4,1,1,37,1,15,11,1,4,1,1,9,307,2,0,1,0,0,0,0,0,0,0,0,0,0,0,0,0,0,0,0
80,1,1,23,6,9,1,10,2,1,24,4,1,1,34,1,15,9,1,4,1,1,9,240,0,0,1,0,0,0,0,0,0,0,0,0,0,0,0,0,0,0,0
130,1,1,29,6,9,1,13,2,1,52,12,1,1,45,1,15,12,1,4,1,1,9,351,2,0,1,0,0,0,0,0,0,0,0,0,0,0,0,0,0,0,0
80,1,1,23,6,9,1,10,2,1,24,4,1,1,34,1,15,9,1,4,1,1,9,240,0,0,1,0,0,0,0,0,0,0,0,0,0,0,0,0,0,0,0
123,1,1,29,6,9,1,12,2,1,33,4,1,1,37,1,15,11,1,4,1,1,9,307,2,0,1,0,0,0,0,0,0,0,0,0,0,0,0,0,0,0,0
123,1,1,29,6,9,1,12,2,1,33,4,1,1,37,1,15,11,1,4,1,1,9,307,2,0,1,0,0,0,0,0,0,0,0,0,0,0,0,0,0,0,0
123,1,1,28,6,9,1,12,2,1,33,4,1,1,37,1,15,11,1,4,1,1,9,306,2,0,1,0,0,0,0,0,0,0,0,0,0,0,0,0,0,0,0
123,1,1,28,6,9,1,12,2,1,33,4,1,1,37,1,15,11,1,4,1,1,9,306,2,0,1,0,0,0,0,0,0,0,0,0,0,0,0,0,0,0,0
80,1,1,22,6,9,1,10,2,1,24,4,1,1,34,1,15,9,1,4,1,1,9,239,0,0,1,0,0,0,0,0,0,0,0,0,0,0,0,0,0,0,0
123,1,1,28,6,9,1,12,2,1,33,4,1,1,37,1,15,11,1,4,1,1,9,306,2,0,1,0,0,0,0,0,0,0,0,0,0,0,0,0,0,0,0
146,1,1,29,6,9,1,13,2,1,49,12,1,1,55,1,15,31,2,10,2,1,7,400,2,0,2,0,0,0,0,0,0,0,0,0,0,0,0,0,0,0,0
123,1,1,28,6,9,1,12,2,1,33,4,1,1,37,1,15,11,1,4,1,1,9,306,2,0,1,0,0,0,0,0,0,0,0,0,0,0,0,0,0,0,0
84,1,1,22,6,9,1,10,2,1,38,12,1,1,42,1,15,10,1,4,1,1,7,272,0,0,1,0,0,0,0,0,0,0,0,0,0,0,0,0,0,0,0
84,1,1,22,6,9,1,10,2,1,38,12,1,1,42,1,14,10,1,4,1,1,7,271,0,0,1,0,0,0,0,0,0,0,0,0,0,0,0,0,0,0,0
145,1,1,29,6,9,1,12,2,1,49,12,1,1,55,1,14,31,2,10,2,1,7,396,2,0,1,0,0,0,0,0,0,0,0,0,0,0,0,0,0,0,0
79,1,1,22,6,9,1,9,2,1,24,4,1,1,34,1,14,9,1,4,1,1,9,235,0,0,0,0,0,0,0,0,0,0,0,0,0,0,0,0,0,0,0
122,1,1,28,6,9,1,11,2,1,33,4,1,1,37,1,14,11,1,4,1,1,9,302,2,0,0,0,0,0,0,0,0,0,0,0,0,0,0,0,0,0,0
122,1,1,28,6,9,1,11,2,1,33,4,1,1,37,1,14,11,1,4,1,1,9,302,2,0,0,0,0,0,0,0,0,0,0,0,0,0,0,0,0,0,0
79,1,1,22,6,9,1,9,2,1,24,4,1,1,34,1,14,9,1,4,1,1,9,235,0,0,0,0,0,0,0,0,0,0,0,0,0,0,0,0,0,0,0
79,1,1,22,6,9,1,9,2,1,24,4,1,1,34,1,14,9,1,4,1,1,9,235,0,0,0,0,0,0,0,0,0,0,0,0,0,0,0,0,0,0,0
124,1,1,28,6,9,1,11,2,1,33,4,1,1,37,1,14,11,1,4,1,1,9,304,2,0,0,0,0,0,0,0,0,0,0,0,0,0,0,0,0,0,0
124,1,1,28,6,9,1,11,2,1,33,4,1,1,37,1,14,11,1,4,1,1,9,304,2,0,0,0,0,0,0,0,0,0,0,0,0,0,0,0,0,0,0
124,1,1,28,6,9,1,11,2,1,33,4,1,1,37,1,14,11,1,4,1,1,9,304,2,0,0,0,0,0,0,0,0,0,0,0,0,0,0,0,0,0,0
128,1,1,33,6,9,1,11,2,1,33,4,1,1,37,1,14,11,1,4,1,1,9,313,2,0,0,0,0,0,0,0,0,0,0,0,0,0,0,0,0,0,0
79,1,1,21,6,9,1,9,2,1,24,4,1,1,34,1,14,9,1,4,1,1,9,234,0,0,0,0,0,0,0,0,0,0,0,0,0,0,0,0,0,0,0
79,1,1,21,6,9,1,9,2,1,24,4,1,1,34,1,14,9,1,4,1,1,9,234,0,0,0,0,0,0,0,0,0,0,0,0,0,0,0,0,0,0,0
122,1,1,27,6,9,1,11,2,1,33,4,1,1,37,1,14,11,1,4,1,1,9,301,2,0,0,0,0,0,0,0,0,0,0,0,0,0,0,0,0,0,0
122,1,1,27,6,9,1,11,2,1,33,4,1,1,37,1,14,11,1,4,1,1,9,301,2,0,0,0,0,0,0,0,0,0,0,0,0,0,0,0,0,0,0
148,1,1,23,6,9,1,10,2,1,38,12,1,1,45,1,14,12,1,4,1,1,13,348,0,2,0,0,0,0,0,0,0,0,0,0,0,0,0,0,0,0,0
79,1,1,21,6,9,1,9,2,1,24,4,1,1,34,1,14,9,1,4,1,1,9,234,0,0,0,0,0,0,0,0,0,0,0,0,0,0,0,0,0,0,0
122,1,1,27,6,9,1,11,2,1,33,4,1,1,37,1,14,11,1,4,1,1,9,301,2,0,0,0,0,0,0,0,0,0,0,0,0,0,0,0,0,0,0
79,1,1,21,6,9,1,9,2,1,24,4,1,1,34,1,14,9,1,4,1,1,9,234,0,0,0,0,0,0,0,0,0,0,0,0,0,0,0,0,0,0,0
79,1,1,21,6,9,1,9,2,1,24,4,1,1,34,1,14,9,1,4,1,1,9,234,0,0,0,0,0,0,0,0,0,0,0,0,0,0,0,0,0,0,0
79,1,1,21,6,9,1,9,2,1,24,4,1,1,34,1,14,9,1,4,1,1,9,234,0,0,0,0,0,0,0,0,0,0,0,0,0,0,0,0,0,0,0
79,1,1,21,6,9,1,9,2,1,24,4,1,1,34,1,14,9,1,4,1,1,9,234,0,0,0,0,0,0,0,0,0,0,0,0,0,0,0,0,0,0,0
78,1,1,21,6,9,1,9,2,1,24,4,1,1,34,1,14,9,1,4,1,1,9,233,0,0,0,0,0,0,0,0,0,0,0,0,0,0,0,0,0,0,0
121,1,1,27,6,9,1,11,2,1,33,4,1,1,37,1,14,11,1,4,1,1,9,300,2,0,0,0,0,0,0,0,0,0,0,0,0,0,0,0,0,0,0
78,1,1,21,6,9,1,9,2,1,24,4,1,1,34,1,14,9,1,4,1,1,9,233,0,0,0,0,0,0,0,0,0,0,0,0,0,0,0,0,0,0,0
78,1,1,21,6,9,1,9,2,1,24,4,1,1,34,1,14,9,1,4,1,1,9,233,0,0,0,0,0,0,0,0,0,0,0,0,0,0,0,0,0,0,0
121,1,1,27,6,9,1,11,2,1,33,4,1,1,37,1,14,11,1,4,1,1,9,300,2,0,0,0,0,0,0,0,0,0,0,0,0,0,0,0,0,0,0
168,1,1,22,5,11,1,6,1,1,31,4,1,1,36,1,14,9,1,4,3,1,4,329,2,0,0,0,0,0,0,0,0,0,0,0,0,0,0,0,0,0,0
78,1,1,21,6,9,1,9,2,1,24,4,1,1,34,1,14,9,1,4,1,1,9,233,0,0,0,0,0,0,0,0,0,0,0,0,0,0,0,0,0,0,0
78,1,1,21,6,9,1,9,2,1,24,4,1,1,34,1,14,9,1,4,1,1,9,233,0,0,0,0,0,0,0,0,0,0,0,0,0,0,0,0,0,0,0
121,1,1,27,6,9,1,11,2,1,33,4,1,1,37,1,14,11,1,4,1,1,9,300,2,0,0,0,0,0,0,0,0,0,0,0,0,0,0,0,0,0,0
126,1,1,16,5,11,1,4,1,1,22,4,1,1,33,1,14,7,1,4,3,1,4,263,0,0,0,0,0,0,0,0,0,0,0,0,0,0,0,0,0,0,0
77,1,1,21,6,9,1,9,2,1,27,4,1,1,34,1,14,9,1,4,1,1,9,235,0,0,0,0,0,0,0,0,0,0,0,0,0,0,0,0,0,0,0
120,1,1,27,6,9,1,11,2,1,36,4,1,1,37,1,14,11,1,4,1,1,9,302,2,0,0,0,0,0,0,0,0,0,0,0,0,0,0,0,0,0,0
126,1,1,16,5,11,1,4,1,1,22,4,1,1,33,1,14,7,1,4,3,1,4,263,0,0,0,0,0,0,0,0,0,0,0,0,0,0,0,0,0,0,0
120,1,1,27,6,9,1,11,2,1,36,4,1,1,37,1,14,11,1,4,1,1,9,302,2,0,0,0,0,0,0,0,0,0,0,0,0,0,0,0,0,0,0
77,1,1,21,6,9,1,9,2,1,27,4,1,1,34,1,14,9,1,4,1,1,9,235,0,0,0,0,0,0,0,0,0,0,0,0,0,0,0,0,0,0,0
77,1,1,21,6,9,1,9,2,1,27,4,1,1,34,1,14,9,1,4,1,1,9,235,0,0,0,0,0,0,0,0,0,0,0,0,0,0,0,0,0,0,0
126,1,1,16,5,11,1,4,1,1,22,4,1,1,33,1,14,7,1,4,3,1,4,263,0,0,0,0,0,0,0,0,0,0,0,0,0,0,0,0,0,0,0
77,1,1,21,6,9,1,9,2,1,27,4,1,1,34,1,14,9,1,4,1,1,9,235,0,0,0,0,0,0,0,0,0,0,0,0,0,0,0,0,0,0,0
77,1,1,21,6,9,1,9,2,1,27,4,1,1,34,1,14,9,1,4,1,1,9,235,0,0,0,0,0,0,0,0,0,0,0,0,0,0,0,0,0,0,0
126,1,1,16,5,11,1,4,1,1,22,4,1,1,33,1,14,7,1,4,3,1,4,263,0,0,0,0,0,0,0,0,0,0,0,0,0,0,0,0,0,0,0
49,1,1,11,2,2,1,2,0,1,9,0,0,0,3,0,0,2,0,0,0,0,0,87,2,0,0,1,0,0,0,0,0,0,0,0,0,0,0,0,0,0,0
126,1,1,16,5,11,1,4,1,1,22,4,1,1,33,1,14,7,1,4,3,1,4,263,0,0,0,0,0,0,0,0,0,0,0,0,0,0,0,0,0,0,0
126,1,1,16,5,11,1,4,1,1,22,4,1,1,33,1,14,7,1,4,3,1,4,263,0,0,0,0,0,0,0,0,0,0,0,0,0,0,0,0,0,0,0
168,1,1,22,5,11,1,6,1,1,31,4,1,1,36,1,14,9,1,4,3,1,4,329,2,0,0,0,0,0,0,0,0,0,0,0,0,0,0,0,0,0,0
168,1,1,22,5,11,1,6,1,1,31,4,1,1,36,1,14,9,1,4,3,1,4,329,2,0,0,0,0,0,0,0,0,0,0,0,0,0,0,0,0,0,0
126,1,1,16,5,11,1,4,1,1,22,4,1,1,33,1,14,7,1,4,3,1,4,263,0,0,0,0,0,0,0,0,0,0,0,0,0,0,0,0,0,0,0
126,1,1,16,5,11,1,4,1,1,22,4,1,1,33,1,14,7,1,4,3,1,4,263,0,0,0,0,0,0,0,0,0,0,0,0,0,0,0,0,0,0,0
77,1,1,21,6,9,1,9,2,1,27,4,1,1,34,1,14,9,1,4,1,1,9,235,0,0,0,0,0,0,0,0,0,0,0,0,0,0,0,0,0,0,0
126,1,1,16,5,11,1,4,1,1,22,4,1,1,33,1,14,7,1,4,3,1,4,263,0,0,0,0,0,0,0,0,0,0,0,0,0,0,0,0,0,0,0
126,1,1,16,5,11,1,4,1,1,22,4,1,1,33,1,14,7,1,4,3,1,4,263,0,0,0,0,0,0,0,0,0,0,0,0,0,0,0,0,0,0,0
126,1,1,16,5,11,1,4,1,1,22,4,1,1,33,1,14,7,1,4,3,1,4,263,0,0,0,0,0,0,0,0,0,0,0,0,0,0,0,0,0,0,0
126,1,1,16,5,11,1,4,1,1,22,4,1,1,33,1,14,7,1,4,3,1,4,263,0,0,0,0,0,0,0,0,0,0,0,0,0,0,0,0,0,0,0
77,1,1,21,6,9,1,9,2,1,27,4,1,1,34,1,14,9,1,4,1,1,9,235,0,0,0,0,0,0,0,0,0,0,0,0,0,0,0,0,0,0,0
168,1,1,22,5,11,1,6,1,1,31,4,1,1,36,1,14,9,1,4,3,1,4,329,2,0,0,0,0,0,0,0,0,0,0,0,0,0,0,0,0,0,0
126,1,1,16,5,11,1,4,1,1,22,4,1,1,33,1,14,7,1,4,3,1,4,263,0,0,0,0,0,0,0,0,0,0,0,0,0,0,0,0,0,0,0
168,1,1,22,5,11,1,6,1,1,31,4,1,1,36,1,14,9,1,4,3,1,4,329,2,0,0,0,0,0,0,0,0,0,0,0,0,0,0,0,0,0,0
126,1,1,16,5,11,1,4,1,1,22,4,1,1,33,1,14,7,1,4,3,1,4,263,0,0,0,0,0,0,0,0,0,0,0,0,0,0,0,0,0,0,0
126,1,1,16,5,11,1,4,1,1,22,4,1,1,33,1,14,7,1,4,3,1,4,263,0,0,0,0,0,0,0,0,0,0,0,0,0,0,0,0,0,0,0
126,1,1,16,5,11,1,4,1,1,22,4,1,1,33,1,14,7,1,4,3,1,4,263,0,0,0,0,0,0,0,0,0,0,0,0,0,0,0,0,0,0,0
126,1,1,16,5,11,1,4,1,1,22,4,1,1,33,1,14,7,1,4,3,1,4,263,0,0,0,0,0,0,0,0,0,0,0,0,0,0,0,0,0,0,0
126,1,1,16,5,11,1,4,1,1,22,4,1,1,33,1,14,7,1,4,3,1,4,263,0,0,0,0,0,0,0,0,0,0,0,0,0,0,0,0,0,0,0
126,1,1,16,5,11,1,4,1,1,22,4,1,1,33,1,14,7,1,4,3,1,4,263,0,0,0,0,0,0,0,0,0,0,0,0,0,0,0,0,0,0,0
168,1,1,22,5,11,1,6,1,1,31,4,1,1,36,1,14,9,1,4,3,1,4,329,2,0,0,0,0,0,0,0,0,0,0,0,0,0,0,0,0,0,0
126,1,1,16,5,11,1,4,1,1,22,4,1,1,33,1,14,7,1,4,3,1,4,263,0,0,0,0,0,0,0,0,0,0,0,0,0,0,0,0,0,0,0
126,1,1,16,5,11,1,4,1,1,22,4,1,1,33,1,14,7,1,4,3,1,4,263,0,0,0,0,0,0,0,0,0,0,0,0,0,0,0,0,0,0,0
126,1,1,16,5,11,1,4,1,1,22,4,1,1,33,1,14,7,1,4,3,1,4,263,0,0,0,0,0,0,0,0,0,0,0,0,0,0,0,0,0,0,0
126,1,1,16,5,11,1,4,1,1,22,4,1,1,33,1,14,7,1,4,3,1,4,263,0,0,0,0,0,0,0,0,0,0,0,0,0,0,0,0,0,0,0
168,1,1,22,5,11,1,6,1,1,31,4,1,1,36,1,14,9,1,4,3,1,4,329,2,0,0,0,0,0,0,0,0,0,0,0,0,0,0,0,0,0,0
126,1,1,16,5,11,1,4,1,1,22,4,1,1,33,1,14,7,1,4,3,1,4,263,0,0,0,0,0,0,0,0,0,0,0,0,0,0,0,0,0,0,0
126,1,1,16,5,11,1,4,1,1,22,4,1,1,33,1,14,7,1,4,3,1,4,263,0,0,0,0,0,0,0,0,0,0,0,0,0,0,0,0,0,0,0
126,1,1,16,5,11,1,4,1,1,22,4,1,1,33,1,14,7,1,4,3,1,4,263,0,0,0,0,0,0,0,0,0,0,0,0,0,0,0,0,0,0,0
168,1,1,22,5,11,1,6,1,1,31,4,1,1,36,1,14,9,1,4,3,1,4,329,2,0,0,0,0,0,0,0,0,0,0,0,0,0,0,0,0,0,0
126,1,1,16,5,11,1,4,1,1,22,4,1,1,33,1,14,7,1,4,3,1,4,263,0,0,0,0,0,0,0,0,0,0,0,0,0,0,0,0,0,0,0
126,1,1,16,5,11,1,4,1,1,22,4,1,1,33,1,14,7,1,4,3,1,4,263,0,0,0,0,0,0,0,0,0,0,0,0,0,0,0,0,0,0,0
126,1,1,16,5,11,1,4,1,1,22,4,1,1,33,1,14,7,1,4,3,1,4,263,0,0,0,0,0,0,0,0,0,0,0,0,0,0,0,0,0,0,0
125,1,1,16,5,11,1,4,1,1,22,4,1,1,32,1,14,7,1,4,3,1,4,261,0,0,0,0,0,0,0,0,0,0,0,0,0,0,0,0,0,0,0
125,1,1,16,5,11,1,4,1,1,22,4,1,1,32,1,14,7,1,4,3,1,4,261,0,0,0,0,0,0,0,0,0,0,0,0,0,0,0,0,0,0,0
125,1,1,16,5,11,1,4,1,1,22,4,1,1,32,1,14,7,1,4,3,1,4,261,0,0,0,0,0,0,0,0,0,0,0,0,0,0,0,0,0,0,0
167,1,1,22,5,11,1,6,1,1,31,4,1,1,35,1,14,9,1,4,3,1,4,327,2,0,0,0,0,0,0,0,0,0,0,0,0,0,0,0,0,0,0
125,1,1,16,5,11,1,4,1,1,22,4,1,1,32,1,14,7,1,4,3,1,4,261,0,0,0,0,0,0,0,0,0,0,0,0,0,0,0,0,0,0,0
125,1,1,16,5,11,1,4,1,1,22,4,1,1,32,1,14,7,1,4,3,1,4,261,0,0,0,0,0,0,0,0,0,0,0,0,0,0,0,0,0,0,0
125,1,1,16,5,11,1,4,1,1,22,4,1,1,32,1,14,7,1,4,3,1,4,261,0,0,0,0,0,0,0,0,0,0,0,0,0,0,0,0,0,0,0
125,1,1,16,5,11,1,4,1,1,22,4,1,1,32,1,14,7,1,4,3,1,4,261,0,0,0,0,0,0,0,0,0,0,0,0,0,0,0,0,0,0,0
125,1,1,16,5,11,1,4,1,1,22,4,1,1,32,1,14,7,1,4,3,1,4,261,0,0,0,0,0,0,0,0,0,0,0,0,0,0,0,0,0,0,0
125,1,1,16,5,11,1,4,1,1,22,4,1,1,32,1,14,7,1,4,3,1,4,261,0,0,0,0,0,0,0,0,0,0,0,0,0,0,0,0,0,0,0
125,1,1,16,5,11,1,4,1,1,22,4,1,1,32,1,14,7,1,4,3,1,4,261,0,0,0,0,0,0,0,0,0,0,0,0,0,0,0,0,0,0,0
125,1,1,16,5,11,1,4,1,1,22,4,1,1,32,1,14,7,1,4,3,1,4,261,0,0,0,0,0,0,0,0,0,0,0,0,0,0,0,0,0,0,0
125,1,1,16,5,11,1,4,1,1,22,4,1,1,32,1,14,7,1,4,3,1,4,261,0,0,0,0,0,0,0,0,0,0,0,0,0,0,0,0,0,0,0
125,1,1,16,5,11,1,4,1,1,22,4,1,1,32,1,14,7,1,4,3,1,4,261,0,0,0,0,0,0,0,0,0,0,0,0,0,0,0,0,0,0,0
125,1,1,16,5,11,1,4,1,1,22,4,1,1,32,1,14,7,1,4,3,1,4,261,0,0,0,0,0,0,0,0,0,0,0,0,0,0,0,0,0,0,0
167,1,1,22,5,11,1,6,1,1,31,4,1,1,35,1,14,9,1,4,3,1,4,327,2,0,0,0,0,0,0,0,0,0,0,0,0,0,0,0,0,0,0
125,1,1,16,5,11,1,4,1,1,22,4,1,1,32,1,14,7,1,4,3,1,4,261,0,0,0,0,0,0,0,0,0,0,0,0,0,0,0,0,0,0,0
125,1,1,16,5,11,1,4,1,1,22,4,1,1,32,1,14,7,1,4,3,1,4,261,0,0,0,0,0,0,0,0,0,0,0,0,0,0,0,0,0,0,0
167,1,1,22,5,11,1,6,1,1,31,4,1,1,35,1,14,9,1,4,3,1,4,327,2,0,0,0,0,0,0,0,0,0,0,0,0,0,0,0,0,0,0
7,1,0,3,1,0,0,0,0,0,0,0,0,0,0,0,0,0,0,0,0,0,0,12,0,0,0,0,0,0,0,0,0,0,0,0,0,0,0,0,0,0,0
167,1,1,22,5,11,1,6,1,1,31,4,1,1,35,1,14,9,1,4,3,1,4,327,2,0,0,0,0,0,0,0,0,0,0,0,0,0,0,0,0,0,0
125,1,1,16,5,11,1,4,1,1,22,4,1,1,32,1,14,7,1,4,3,1,4,261,0,0,0,0,0,0,0,0,0,0,0,0,0,0,0,0,0,0,0
167,1,1,22,5,11,1,6,1,1,31,4,1,1,35,1,14,9,1,4,3,1,4,327,2,0,0,0,0,0,0,0,0,0,0,0,0,0,0,0,0,0,0
125,1,1,16,5,11,1,4,1,1,22,4,1,1,32,1,14,7,1,4,3,1,4,261,0,0,0,0,0,0,0,0,0,0,0,0,0,0,0,0,0,0,0
125,1,1,16,5,11,1,4,1,1,22,4,1,1,32,1,14,7,1,4,3,1,4,261,0,0,0,0,0,0,0,0,0,0,0,0,0,0,0,0,0,0,0
125,1,1,16,5,11,1,4,1,1,22,4,1,1,32,1,14,7,1,4,3,1,4,261,0,0,0,0,0,0,0,0,0,0,0,0,0,0,0,0,0,0,0
125,1,1,16,5,11,1,4,1,1,22,4,1,1,32,1,14,7,1,4,3,1,4,261,0,0,0,0,0,0,0,0,0,0,0,0,0,0,0,0,0,0,0
167,1,1,22,5,11,1,6,1,1,31,4,1,1,35,1,14,9,1,4,3,1,4,327,2,0,0,0,0,0,0,0,0,0,0,0,0,0,0,0,0,0,0
167,1,1,22,5,11,1,6,1,1,31,4,1,1,35,1,14,9,1,4,3,1,4,327,2,0,0,0,0,0,0,0,0,0,0,0,0,0,0,0,0,0,0
125,1,1,16,5,11,1,4,1,1,22,4,1,1,32,1,14,7,1,4,3,1,4,261,0,0,0,0,0,0,0,0,0,0,0,0,0,0,0,0,0,0,0
125,1,1,16,5,11,1,4,1,1,22,4,1,1,32,1,14,7,1,4,3,1,4,261,0,0,0,0,0,0,0,0,0,0,0,0,0,0,0,0,0,0,0
125,1,1,16,5,11,1,4,1,1,22,4,1,1,32,1,14,7,1,4,3,1,4,261,0,0,0,0,0,0,0,0,0,0,0,0,0,0,0,0,0,0,0
125,1,1,16,5,11,1,4,1,1,22,4,1,1,32,1,14,7,1,4,3,1,4,261,0,0,0,0,0,0,0,0,0,0,0,0,0,0,0,0,0,0,0
125,1,1,16,5,11,1,4,1,1,22,4,1,1,32,1,14,7,1,4,3,1,4,261,0,0,0,0,0,0,0,0,0,0,0,0,0,0,0,0,0,0,0
167,1,1,22,5,11,1,6,1,1,31,4,1,1,35,1,14,9,1,4,3,1,4,327,2,0,0,0,0,0,0,0,0,0,0,0,0,0,0,0,0,0,0
125,1,1,16,5,11,1,4,1,1,22,4,1,1,32,1,14,7,1,4,3,1,4,261,0,0,0,0,0,0,0,0,0,0,0,0,0,0,0,0,0,0,0
125,1,1,16,5,11,1,4,1,1,22,4,1,1,32,1,14,7,1,4,3,1,4,261,0,0,0,0,0,0,0,0,0,0,0,0,0,0,0,0,0,0,0
125,1,1,16,5,11,1,4,1,1,22,4,1,1,32,1,14,7,1,4,3,1,4,261,0,0,0,0,0,0,0,0,0,0,0,0,0,0,0,0,0,0,0
125,1,1,16,5,11,1,4,1,1,22,4,1,1,32,1,14,7,1,4,3,1,4,261,0,0,0,0,0,0,0,0,0,0,0,0,0,0,0,0,0,0,0
125,1,1,16,5,11,1,4,1,1,22,4,1,1,32,1,14,7,1,4,3,1,4,261,0,0,0,0,0,0,0,0,0,0,0,0,0,0,0,0,0,0,0
125,1,1,16,5,11,1,4,1,1,22,4,1,1,32,1,14,7,1,4,3,1,4,261,0,0,0,0,0,0,0,0,0,0,0,0,0,0,0,0,0,0,0
125,1,1,16,5,11,1,4,1,1,22,4,1,1,32,1,14,7,1,4,3,1,4,261,0,0,0,0,0,0,0,0,0,0,0,0,0,0,0,0,0,0,0
125,1,1,16,5,11,1,4,1,1,22,4,1,1,32,1,14,7,1,4,3,1,4,261,0,0,0,0,0,0,0,0,0,0,0,0,0,0,0,0,0,0,0
125,1,1,16,5,11,1,4,1,1,22,4,1,1,32,1,14,7,1,4,3,1,4,261,0,0,0,0,0,0,0,0,0,0,0,0,0,0,0,0,0,0,0
167,1,1,22,5,11,1,6,1,1,31,4,1,1,35,1,14,9,1,4,3,1,4,327,2,0,0,0,0,0,0,0,0,0,0,0,0,0,0,0,0,0,0
125,1,1,16,5,11,1,4,1,1,22,4,1,1,32,1,14,7,1,4,3,1,4,261,0,0,0,0,0,0,0,0,0,0,0,0,0,0,0,0,0,0,0
125,1,1,16,5,11,1,4,1,1,22,4,1,1,32,1,14,7,1,4,3,1,4,261,0,0,0,0,0,0,0,0,0,0,0,0,0,0,0,0,0,0,0
125,1,1,16,5,11,1,4,1,1,22,4,1,1,32,1,14,7,1,4,3,1,4,261,0,0,0,0,0,0,0,0,0,0,0,0,0,0,0,0,0,0,0
167,1,1,22,5,11,1,6,1,1,31,4,1,1,35,1,14,9,1,4,3,1,4,327,2,0,0,0,0,0,0,0,0,0,0,0,0,0,0,0,0,0,0
167,1,1,22,5,11,1,6,1,1,31,4,1,1,35,1,14,9,1,4,3,1,4,327,2,0,0,0,0,0,0,0,0,0,0,0,0,0,0,0,0,0,0
167,1,1,22,5,11,1,6,1,1,31,4,1,1,35,1,14,9,1,4,3,1,4,327,2,0,0,0,0,0,0,0,0,0,0,0,0,0,0,0,0,0,0
125,1,1,16,5,11,1,4,1,1,22,4,1,1,32,1,14,7,1,4,3,1,4,261,0,0,0,0,0,0,0,0,0,0,0,0,0,0,0,0,0,0,0
125,1,1,16,5,11,1,4,1,1,22,4,1,1,32,1,14,7,1,4,3,1,4,261,0,0,0,0,0,0,0,0,0,0,0,0,0,0,0,0,0,0,0
125,1,1,16,5,11,1,4,1,1,22,4,1,1,32,1,14,7,1,4,3,1,4,261,0,0,0,0,0,0,0,0,0,0,0,0,0,0,0,0,0,0,0
167,1,1,22,5,11,1,6,1,1,31,4,1,1,35,1,14,9,1,4,3,1,4,327,2,0,0,0,0,0,0,0,0,0,0,0,0,0,0,0,0,0,0
193,1,1,18,5,11,1,5,1,1,36,12,1,1,43,1,14,10,1,4,3,1,8,374,0,2,0,0,0,0,0,0,0,0,0,0,0,0,0,0,0,0,0
125,1,1,16,5,11,1,4,1,1,22,4,1,1,32,1,14,7,1,4,3,1,4,261,0,0,0,0,0,0,0,0,0,0,0,0,0,0,0,0,0,0,0
125,1,1,16,5,11,1,4,1,1,22,4,1,1,32,1,14,7,1,4,3,1,4,261,0,0,0,0,0,0,0,0,0,0,0,0,0,0,0,0,0,0,0
125,1,1,16,5,11,1,4,1,1,22,4,1,1,32,1,14,7,1,4,3,1,4,261,0,0,0,0,0,0,0,0,0,0,0,0,0,0,0,0,0,0,0
125,1,1,16,5,11,1,4,1,1,22,4,1,1,32,1,14,7,1,4,3,1,4,261,0,0,0,0,0,0,0,0,0,0,0,0,0,0,0,0,0,0,0
125,1,1,16,5,11,1,4,1,1,22,4,1,1,32,1,14,7,1,4,3,1,4,261,0,0,0,0,0,0,0,0,0,0,0,0,0,0,0,0,0,0,0
125,1,1,16,5,11,1,4,1,1,22,4,1,1,32,1,14,7,1,4,3,1,4,261,0,0,0,0,0,0,0,0,0,0,0,0,0,0,0,0,0,0,0
125,1,1,16,5,11,1,4,1,1,22,4,1,1,32,1,14,7,1,4,3,1,4,261,0,0,0,0,0,0,0,0,0,0,0,0,0,0,0,0,0,0,0
167,1,1,22,5,11,1,6,1,1,31,4,1,1,35,1,14,9,1,4,3,1,4,327,2,0,0,0,0,0,0,0,0,0,0,0,0,0,0,0,0,0,0
125,1,1,16,5,11,1,4,1,1,22,4,1,1,32,1,14,7,1,4,3,1,4,261,0,0,0,0,0,0,0,0,0,0,0,0,0,0,0,0,0,0,0
124,1,1,16,5,11,1,4,1,1,22,4,1,1,32,1,14,5,1,4,3,1,4,258,0,0,0,0,0,0,0,0,0,0,0,0,0,0,0,0,0,0,0
124,1,1,16,5,11,1,4,1,1,22,4,1,1,32,1,14,5,1,4,3,1,4,258,0,0,0,0,0,0,0,0,0,0,0,0,0,0,0,0,0,0,0
124,1,1,16,5,11,1,4,1,1,22,4,1,1,32,1,14,5,1,4,3,1,4,258,0,0,0,0,0,0,0,0,0,0,0,0,0,0,0,0,0,0,0
166,1,1,22,5,11,1,6,1,1,31,4,1,1,35,1,14,7,1,4,3,1,4,324,2,0,0,0,0,0,0,0,0,0,0,0,0,0,0,0,0,0,0
124,1,1,16,5,11,1,4,1,1,22,4,1,1,32,1,14,5,1,4,3,1,4,258,0,0,0,0,0,0,0,0,0,0,0,0,0,0,0,0,0,0,0
124,1,1,16,5,11,1,4,1,1,22,4,1,1,32,1,14,5,1,4,3,1,4,258,0,0,0,0,0,0,0,0,0,0,0,0,0,0,0,0,0,0,0
124,1,1,16,5,11,1,4,1,1,22,4,1,1,32,1,14,5,1,4,3,1,4,258,0,0,0,0,0,0,0,0,0,0,0,0,0,0,0,0,0,0,0
124,1,1,16,5,11,1,4,1,1,22,4,1,1,32,1,14,5,1,4,3,1,4,258,0,0,0,0,0,0,0,0,0,0,0,0,0,0,0,0,0,0,0
124,1,1,16,5,11,1,4,1,1,22,4,1,1,32,1,14,5,1,4,3,1,4,258,0,0,0,0,0,0,0,0,0,0,0,0,0,0,0,0,0,0,0
124,1,1,16,5,11,1,4,1,1,22,4,1,1,32,1,14,5,1,4,3,1,4,258,0,0,0,0,0,0,0,0,0,0,0,0,0,0,0,0,0,0,0
124,1,1,16,5,11,1,4,1,1,22,4,1,1,32,1,14,5,1,4,3,1,4,258,0,0,0,0,0,0,0,0,0,0,0,0,0,0,0,0,0,0,0
124,1,1,16,5,11,1,4,1,1,22,4,1,1,32,1,14,5,1,4,3,1,4,258,0,0,0,0,0,0,0,0,0,0,0,0,0,0,0,0,0,0,0
166,1,1,22,5,11,1,6,1,1,31,4,1,1,35,1,14,7,1,4,3,1,4,324,2,0,0,0,0,0,0,0,0,0,0,0,0,0,0,0,0,0,0
166,1,1,22,5,11,1,6,1,1,31,4,1,1,35,1,14,7,1,4,3,1,4,324,2,0,0,0,0,0,0,0,0,0,0,0,0,0,0,0,0,0,0
124,1,1,16,5,11,1,4,1,1,22,4,1,1,32,1,14,5,1,4,3,1,4,258,0,0,0,0,0,0,0,0,0,0,0,0,0,0,0,0,0,0,0
124,1,1,16,5,11,1,4,1,1,22,4,1,1,32,1,14,5,1,4,3,1,4,258,0,0,0,0,0,0,0,0,0,0,0,0,0,0,0,0,0,0,0
124,1,1,16,5,11,1,4,1,1,22,4,1,1,32,1,14,5,1,4,3,1,4,258,0,0,0,0,0,0,0,0,0,0,0,0,0,0,0,0,0,0,0
124,1,1,16,5,11,1,4,1,1,22,4,1,1,32,1,14,5,1,4,3,1,4,258,0,0,0,0,0,0,0,0,0,0,0,0,0,0,0,0,0,0,0
4,1,0,0,1,0,0,0,0,0,0,0,0,0,0,0,0,0,0,0,0,0,0,6,0,0,0,0,0,0,0,0,0,0,0,0,0,0,0,0,0,0,0
124,1,1,16,5,11,1,4,1,1,22,4,1,1,32,1,14,5,1,4,3,1,4,258,0,0,0,0,0,0,0,0,0,0,0,0,0,0,0,0,0,0,0
124,1,1,16,5,11,1,4,1,1,22,4,1,1,32,1,14,5,1,4,3,1,4,258,0,0,0,0,0,0,0,0,0,0,0,0,0,0,0,0,0,0,0
124,1,1,16,5,11,1,4,1,1,22,4,1,1,32,1,14,5,1,4,3,1,4,258,0,0,0,0,0,0,0,0,0,0,0,0,0,0,0,0,0,0,0
124,1,1,16,5,11,1,4,1,1,22,4,1,1,32,1,14,5,1,4,3,1,4,258,0,0,0,0,0,0,0,0,0,0,0,0,0,0,0,0,0,0,0
166,1,1,22,5,11,1,6,1,1,31,4,1,1,35,1,14,7,1,4,3,1,4,324,2,0,0,0,0,0,0,0,0,0,0,0,0,0,0,0,0,0,0
124,1,1,16,5,11,1,4,1,1,22,4,1,1,32,1,14,5,1,4,3,1,4,258,0,0,0,0,0,0,0,0,0,0,0,0,0,0,0,0,0,0,0
166,1,1,22,5,11,1,6,1,1,31,4,1,1,35,1,14,7,1,4,3,1,4,324,2,0,0,0,0,0,0,0,0,0,0,0,0,0,0,0,0,0,0
166,1,1,22,5,11,1,6,1,1,31,4,1,1,35,1,14,7,1,4,3,1,4,324,2,0,0,0,0,0,0,0,0,0,0,0,0,0,0,0,0,0,0
124,1,1,16,5,11,1,4,1,1,22,4,1,1,32,1,14,5,1,4,3,1,4,258,0,0,0,0,0,0,0,0,0,0,0,0,0,0,0,0,0,0,0
286,1,1,39,20,6,1,7,39,1,715,53,0,0,114,0,0,358,22,101,0,0,57,2087,0,1,0,0,0,0,1,4,38,38,1,1,1,50,53,53,20,4,1
